company_id,registration_date,industry,region,employees,declared_revenue_annual,bank_account_age_months
7258,2018-08-24,IT,region_10,681,847547.49,73
7522,2015-03-27,Transportation,region_6,749,991889.64,92
5030,2017-11-13,Construction,region_8,307,948060.24,88
6600,2012-06-27,Hospitality,region_6,896,722584.71,71
4276,2016-05-14,Construction,region_7,423,650601.08,52
3338,2015-08-18,Healthcare,region_7,263,100806.44,20
8467,2012-07-16,Healthcare,region_9,666,29568.78,108
2009,2017-08-17,Telecommunications,region_7,941,254213.57,105
2931,2011-03-25,Healthcare,region_3,280,147267.95,38
4533,2013-02-03,Hospitality,region_8,744,546658.24,29
6547,2013-12-21,Agriculture,region_1,613,262555.86,41
8873,2016-06-17,Hospitality,region_1,523,688573.44,52
2226,2012-11-05,Transportation,region_2,877,614125.17,48
3644,2010-08-12,Energy,region_5,332,549102.92,43
7393,2011-10-13,Telecommunications,region_10,338,251762.95,52
5918,2010-09-23,Professional Services,region_8,938,747541.61,119
8340,2018-07-04,Retail,region_7,484,461887.67,87
1376,2013-05-18,Construction,region_5,310,590101.76,35
3623,2013-04-05,Finance,region_4,818,861964.22,72
9368,2019-06-08,Retail,region_2,458,840782.13,98
1537,2013-10-04,Professional Services,region_3,121,396161.96,58
8100,2017-09-04,Telecommunications,region_10,32,623471.84,55
7353,2013-06-30,Real Estate,region_3,75,146617.54,74
8426,2016-12-07,Energy,region_9,228,120726.35,82
9073,2018-01-10,Education,region_3,427,556663.08,34
6031,2012-12-26,IT,region_6,7,999427.69,121
4984,2013-01-04,Healthcare,region_3,730,976897.44,43
4161,2015-02-15,Real Estate,region_4,215,675541.79,11
2192,2013-01-12,Transportation,region_4,834,823018.48,114
8452,2016-06-13,Retail,region_9,717,496344.87,98
9042,2014-02-03,Finance,region_4,881,105134.28,43
5868,2014-06-08,Manufacturing,region_5,513,10513.56,12
5263,2018-07-26,Entertainment,region_4,40,655735.03,92
1185,2017-11-28,Hospitality,region_6,70,824893.36,105
1970,2019-02-04,Real Estate,region_6,98,400536.7,69
9158,2017-01-22,Energy,region_5,206,752763.33,64
4617,2015-08-06,Real Estate,region_10,224,216295.55,81
6696,2018-05-18,IT,region_9,341,183593.05,26
3224,2012-11-11,Agriculture,region_2,992,145839.15,120
7396,2015-03-30,Professional Services,region_9,188,975839.69,107
4646,2013-08-22,Healthcare,region_3,225,659513.14,115
7326,2012-07-10,Construction,,748,830261.46,69
1506,2014-06-19,Education,region_7,55,605542.87,49
9180,2017-01-12,Construction,region_6,263,828345.37,93
3582,2012-05-02,Healthcare,region_5,275,526699.29,24
6871,2014-02-23,IT,region_3,846,11056.79,13
8482,2012-02-27,Telecommunications,region_1,649,180240.75,103
9477,2015-01-15,Construction,region_3,843,68891.83,114
5614,2015-02-05,Retail,region_9,200,682731.74,9
4812,2018-07-25,Manufacturing,region_2,110,184376.92,55
5114,2017-10-17,IT,region_6,325,367151.1,34
1311,2016-02-10,Entertainment,region_9,931,213336.39,76
5402,2012-11-10,Manufacturing,region_5,105,116328.93,11
8944,2013-08-14,Manufacturing,region_9,204,756728.8,104
4789,2018-02-22,Transportation,region_1,998,53733.35,30
4665,2016-06-05,Telecommunications,region_2,92,808129.06,72
3964,2016-05-29,Professional Services,region_10,502,498735.36,39
8366,2015-11-21,Agriculture,region_4,797,136772.08,73
2070,2010-03-05,Hospitality,region_6,108,867483.16,9
1323,2016-02-06,Construction,region_10,443,636817.69,56
1188,2012-07-25,Transportation,region_10,395,335969.84,37
4554,2014-02-09,Construction,region_4,296,558855.03,82
6703,2018-11-02,Finance,region_6,383,103693.37,41
1108,2012-08-20,Real Estate,region_8,865,567045.69,30
6922,2014-07-04,Hospitality,region_2,829,928229.81,27
9514,2013-02-24,Manufacturing,region_10,659,398559.89,115
2683,2010-03-16,Energy,,10,48156.58,114
1372,2014-02-27,Retail,region_5,340,853623.88,92
9605,2015-03-18,Healthcare,region_9,11,788783.22,114
4003,2011-02-26,Energy,region_2,853,277638.37,71
4831,2018-01-31,Professional Services,region_1,500,541123.04,33
7099,2010-05-08,Professional Services,region_9,854,598329.97,27
9998,2018-05-23,Education,region_3,106,812853.27,64
7656,2014-02-21,Professional Services,region_4,732,430729.59,76
7814,2018-04-14,Entertainment,region_1,123,796803.05,31
3779,2016-10-20,Professional Services,region_6,733,33730.65,107
3407,2015-05-21,Energy,region_2,693,171757.78,78
6274,2015-12-05,Professional Services,region_6,141,467109.93,10
8598,2015-04-04,Construction,region_2,145,196589.56,63
7777,2018-08-02,Transportation,region_10,203,810879.91,52
9703,2013-12-21,Agriculture,region_4,655,872695.0,108
7695,2015-06-06,Construction,region_10,368,539254.74,10
2750,2013-03-24,Healthcare,,46,708739.03,69
6161,2010-12-04,Telecommunications,region_2,315,839100.99,114
1546,2019-06-18,Hospitality,region_1,837,164200.09,89
6539,2010-10-21,Professional Services,region_1,711,450565.89,52
2043,2016-10-05,Healthcare,region_2,315,197469.86,65
7254,2010-05-05,Hospitality,region_9,677,710765.46,106
9220,2013-08-16,Manufacturing,region_10,844,943948.53,78
1682,2011-12-11,Retail,region_10,392,899932.36,69
6662,2012-03-30,Construction,region_3,487,461839.82,106
6646,2016-01-26,Hospitality,region_8,119,86661.72,16
1735,2017-08-31,IT,region_4,932,616098.8,16
9687,2018-01-04,Construction,region_6,287,226517.18,119
7008,2011-03-25,IT,region_4,979,243996.83,71
2916,2018-01-17,Construction,region_10,153,572884.02,28
6503,2013-03-26,Entertainment,region_9,629,209848.58,64
4150,2013-08-20,Manufacturing,region_1,628,354421.77,116
9990,2015-08-21,Construction,region_4,442,946236.72,104
1473,2012-03-07,Finance,region_7,427,327526.78,27
7030,2017-12-19,Energy,region_10,439,236359.15,95
3666,2017-11-25,Hospitality,region_5,765,116239.24,27
5735,2019-03-17,Professional Services,region_1,512,442300.81,38
4505,2014-11-20,Real Estate,region_6,924,76157.5,54
8108,2012-08-31,Professional Services,region_1,641,60325.13,75
5548,2015-01-19,Entertainment,region_9,287,69727.51,61
5254,2012-05-27,Agriculture,region_2,784,433888.16,58
3126,2011-05-16,Real Estate,region_7,306,665904.3,46
3540,2012-10-22,Entertainment,region_4,375,430830.95,78
4179,2014-09-13,Hospitality,region_8,493,223340.19,59
4340,2015-10-31,Real Estate,region_3,203,630556.73,19
2508,2011-01-02,Entertainment,region_2,566,956486.19,18
3692,2015-10-02,Telecommunications,region_8,296,534097.44,27
4366,2012-04-12,Real Estate,region_5,838,364105.81,26
1974,2015-10-23,Manufacturing,region_8,278,315249.87,50
4129,2014-04-12,Retail,region_8,154,486311.87,14
6587,2018-06-21,Entertainment,region_3,817,453758.23,56
5508,2017-03-21,Construction,region_4,186,472809.69,26
2541,2010-11-10,Healthcare,region_4,754,320708.3,27
5069,2018-04-06,Telecommunications,region_3,704,375580.11,41
1475,2018-12-12,Agriculture,region_1,932,502952.53,78
7211,2011-04-08,Entertainment,region_10,475,890881.67,77
4469,2016-02-05,IT,region_6,465,90342.46,88
7279,2014-12-21,Real Estate,region_6,495,572485.68,53
1436,2010-02-07,Real Estate,region_1,114,232925.89,28
1304,2011-06-14,Finance,region_4,671,891000.02,107
9874,2012-05-22,Professional Services,region_5,273,610236.4,78
4162,2016-03-25,Retail,region_2,618,178101.97,40
3478,2013-07-11,Entertainment,region_1,951,408850.81,12
3331,2013-01-12,Professional Services,region_3,742,813868.32,26
4306,2012-03-12,Entertainment,region_5,145,680931.53,121
2953,2017-04-09,IT,region_5,346,271951.63,117
1319,2012-11-09,Real Estate,region_6,258,778033.18,76
9686,2015-11-29,Hospitality,region_6,843,14262.72,30
3136,2011-02-12,Education,region_8,44,215918.09,110
6483,2011-10-23,Finance,region_4,145,749605.04,51
6800,2017-11-12,Education,region_8,200,415948.3,56
8029,2011-04-26,Finance,region_5,741,983157.3,86
6598,2017-03-13,Energy,region_1,925,253416.83,121
8190,2012-05-02,Finance,region_2,418,208556.85,60
1059,2017-03-30,Telecommunications,region_6,294,798099.84,30
2157,2011-11-17,Healthcare,region_2,604,262181.07,37
3645,2014-08-17,Entertainment,,406,232442.58,52
2318,2015-09-18,Transportation,region_8,90,642857.84,24
2955,2015-10-10,Entertainment,region_1,919,852487.15,34
2411,2017-05-05,Manufacturing,region_7,860,312742.23,106
2078,2013-10-12,Professional Services,region_2,133,783029.97,24
5196,2012-08-01,Professional Services,region_8,62,532183.05,107
5621,2017-12-22,Manufacturing,region_10,752,294976.33,55
2465,2017-03-29,Entertainment,region_4,675,586817.91,64
8377,2010-05-17,Real Estate,region_3,915,254257.8,95
2751,2013-01-23,Transportation,region_10,799,797279.94,27
5765,2019-08-07,Construction,region_4,2,49288.34,59
6927,2013-06-10,Hospitality,region_5,76,102869.75,120
2065,2018-08-01,Construction,region_7,288,789914.92,75
3502,2010-03-12,Retail,region_4,782,772491.18,40
7843,2016-09-17,IT,region_5,661,831299.45,115
9812,2017-05-31,Education,region_1,324,500649.03,71
1284,2011-09-24,Construction,region_5,867,40583.91,103
7659,2010-07-11,Education,region_9,364,265036.49,92
1042,2012-07-10,Education,region_5,888,223765.54,69
6676,2012-02-07,Construction,region_10,798,36910.31,32
1038,2018-06-25,Education,region_2,639,746554.78,113
1696,2014-12-25,IT,region_9,66,209519.63,80
6375,2018-12-15,Finance,region_3,354,582823.2,20
2187,2010-04-07,Entertainment,region_2,681,338841.42,112
5630,2018-03-29,Manufacturing,region_1,95,128909.52,50
3181,2010-02-06,Real Estate,region_6,35,828982.05,21
7032,2019-02-25,Agriculture,region_5,634,883353.32,41
9709,2014-07-18,Finance,region_5,418,352603.18,57
2120,2015-07-05,Finance,region_8,799,268096.74,54
5694,2017-03-01,Agriculture,region_9,692,689189.37,44
2715,2011-02-17,Retail,region_5,767,314588.81,93
1180,2012-12-16,Retail,region_3,117,573145.47,40
2040,2016-10-20,Agriculture,region_10,625,614232.03,23
6925,2018-03-23,Agriculture,region_1,620,685762.24,84
9542,2019-01-07,Retail,region_4,413,95844.37,121
8855,2015-04-26,Transportation,region_6,773,831452.41,33
5905,2010-05-17,Agriculture,region_8,476,504202.28,15
7350,2010-09-09,Professional Services,region_8,961,605976.99,67
9868,2015-08-12,Telecommunications,region_4,519,486775.67,65
7055,2014-10-26,Hospitality,region_2,970,456070.7,117
3469,2018-02-20,Transportation,region_4,100,10562.45,80
3851,2012-03-12,Professional Services,region_2,712,574283.07,9
5529,2010-04-27,Healthcare,region_4,172,630372.83,28
9096,2013-05-30,Retail,region_10,294,238372.33,94
4880,2018-01-08,Professional Services,region_9,759,851232.89,47
9132,2017-05-18,Agriculture,region_6,354,270242.62,35
4827,2019-06-04,Agriculture,region_8,992,531505.5,45
3775,2011-05-03,Energy,region_9,327,533256.31,29
7360,2010-08-02,Professional Services,region_10,444,985764.89,58
2027,2010-11-23,Agriculture,region_6,962,327641.57,37
1902,2017-11-06,Transportation,region_7,509,640303.58,53
4183,2012-05-21,Transportation,region_2,428,135953.7,44
2613,2010-02-21,Real Estate,,450,235589.11,18
1986,2014-03-30,Retail,region_7,978,185231.4,42
7337,2012-12-22,Hospitality,region_9,70,64385.64,113
1128,2019-04-20,Retail,region_5,108,610500.67,24
4136,2015-11-14,Telecommunications,region_2,77,804724.73,78
7047,2019-05-27,Energy,region_2,597,553998.68,110
9099,2011-10-29,Hospitality,region_10,663,727568.65,28
2939,2010-06-13,Real Estate,region_4,563,482460.58,40
1377,2012-07-13,Energy,region_4,51,358690.37,61
7753,2019-05-02,Agriculture,region_8,547,614300.07,80
7096,2017-05-26,Education,region_7,714,111769.72,106
8070,2013-10-09,Hospitality,region_5,183,231354.42,10
8508,2018-09-19,Telecommunications,region_5,181,826171.39,71
7357,2017-08-05,Education,,536,925712.85,8
5209,2011-03-18,Telecommunications,region_3,765,970499.56,28
9527,2010-04-13,IT,region_7,792,851291.31,15
3717,2014-12-08,Finance,region_7,421,576123.56,64
3199,2012-06-23,Education,region_5,706,850488.64,90
3974,2014-05-01,Energy,region_1,316,969764.0,21
8902,2016-01-01,Hospitality,region_10,381,469283.06,31
9198,2018-07-30,Construction,region_2,220,860965.52,82
1854,2011-05-31,Manufacturing,region_3,593,927403.78,77
7453,2013-05-21,Manufacturing,region_7,989,159092.3,58
6595,2013-02-05,Real Estate,region_8,314,480552.56,14
6277,2014-08-24,Education,region_4,339,847242.41,90
5217,2011-07-01,Finance,region_2,803,654286.64,116
1457,2012-12-14,Finance,,493,150222.58,37
1616,2012-12-21,Retail,region_5,546,148389.71,39
7898,2014-05-11,IT,region_7,525,286839.97,55
6543,2013-09-01,Transportation,region_1,333,117580.3,81
7250,2016-04-25,Entertainment,region_1,460,400131.25,94
6904,2015-12-01,Agriculture,region_6,210,31613.08,74
5200,2011-05-22,Real Estate,,425,109284.52,17
2298,2010-07-20,Telecommunications,region_3,981,766205.63,75
1826,2014-09-27,Professional Services,region_8,635,929871.01,120
8178,2019-02-08,Real Estate,region_4,962,155275.8,69
8940,2017-09-13,Entertainment,region_6,22,457982.85,17
7700,2016-06-05,IT,region_2,156,480128.07,119
9827,2012-08-10,Education,region_1,947,273151.32,97
9771,2018-08-24,Professional Services,region_10,14,507388.86,113
8419,2011-02-19,Transportation,region_2,508,860935.48,24
5494,2016-11-06,Telecommunications,region_10,865,535416.06,51
9966,2012-10-15,Construction,region_6,306,40758.9,52
5478,2017-08-09,Construction,region_3,466,678064.62,27
7247,2015-09-13,Transportation,region_7,353,719584.23,59
2504,2016-01-27,IT,region_10,61,221692.51,72
5764,2012-06-18,Manufacturing,region_10,44,499654.22,70
3828,2017-03-29,Telecommunications,region_10,348,808874.78,21
4991,2018-01-26,Professional Services,region_5,713,716450.74,85
6091,2016-04-05,Real Estate,region_2,117,537917.31,66
3152,2016-03-15,Retail,region_3,20,928391.72,76
4541,2019-02-17,Entertainment,region_1,762,281167.11,33
5798,2016-11-29,Construction,region_10,198,384834.72,54
5319,2016-04-14,Retail,region_3,331,34952.9,16
8966,2013-10-23,Education,region_8,992,929240.91,11
2753,2014-06-15,Real Estate,region_9,39,767109.12,95
1938,2017-11-22,Entertainment,region_8,438,769206.81,88
3650,2016-07-29,Transportation,region_8,496,994326.49,16
3334,2016-11-17,Real Estate,region_8,659,43837.62,83
4655,2011-11-29,Real Estate,region_3,523,106904.45,105
4719,2011-05-31,Retail,region_10,48,453733.93,59
7966,2015-10-10,Entertainment,region_9,54,277637.56,108
9122,2012-04-24,Transportation,region_5,332,507486.93,12
2134,2017-01-22,Agriculture,region_6,55,358410.64,23
5980,2014-11-30,Professional Services,region_1,826,264154.54,83
5507,2012-01-19,Telecommunications,region_6,581,150682.89,103
3361,2017-05-09,Retail,region_2,820,588320.53,42
7277,2010-09-03,Retail,region_1,357,723830.15,71
4230,2017-10-16,Education,region_3,818,76852.04,65
4834,2017-01-18,Retail,region_9,383,937680.92,19
8806,2017-01-11,Energy,region_5,327,591758.62,44
9259,2015-04-20,Real Estate,region_5,716,999767.68,18
8051,2017-01-23,Manufacturing,region_9,486,923134.06,112
4119,2018-06-04,Healthcare,region_4,658,321570.27,115
6357,2012-07-01,Telecommunications,region_9,420,198144.76,69
3426,2017-02-05,Manufacturing,region_7,615,48363.82,13
6053,2013-11-30,Professional Services,region_9,658,103080.99,98
9941,2012-05-23,Professional Services,region_4,492,326959.36,21
8256,2015-01-24,Construction,region_6,301,70024.43,60
5232,2017-02-01,Healthcare,region_7,193,269277.41,28
2025,2017-03-08,Real Estate,region_1,350,538566.58,121
8665,2015-11-27,Manufacturing,region_10,270,526760.31,118
5602,2016-03-01,Energy,region_6,64,434807.88,120
2379,2010-02-17,IT,region_2,24,566389.08,16
9482,2019-03-23,Telecommunications,region_6,511,726197.05,102
7272,2013-07-12,Education,,450,844030.45,93
7951,2018-07-26,Entertainment,region_8,559,224106.62,24
1302,2013-05-06,Energy,region_8,26,345633.39,27
6390,2012-12-07,Real Estate,region_1,99,889148.47,88
5088,2017-08-10,Hospitality,region_7,199,711102.64,118
9814,2013-09-28,Energy,,303,49128.38,14
5056,2019-02-05,Healthcare,region_8,957,949385.02,90
9467,2017-03-23,Healthcare,region_8,490,441775.06,16
5125,2014-07-20,Agriculture,region_10,297,899138.88,75
3826,2015-10-12,Construction,region_2,389,188899.13,94
2131,2016-10-10,Agriculture,,106,501325.86,94
7004,2010-06-14,Manufacturing,region_3,72,409240.85,92
4547,2017-01-04,Manufacturing,region_6,336,206136.56,30
3867,2011-08-07,Entertainment,region_4,584,382967.93,42
4018,2018-03-10,Entertainment,region_4,101,869554.08,86
3722,2013-04-18,Manufacturing,region_6,74,178615.9,86
2253,2012-08-03,Professional Services,region_9,13,75734.3,89
5928,2018-10-16,IT,region_6,94,33518.94,109
6740,2011-05-25,Healthcare,region_8,474,431981.76,69
4758,2019-03-29,Finance,region_6,504,989201.02,52
9613,2011-08-12,Manufacturing,region_7,295,887471.48,61
4925,2012-04-02,Construction,region_4,268,424389.04,13
8826,2014-07-21,Real Estate,region_3,432,312425.81,43
8810,2019-12-19,Agriculture,region_6,18,274420.86,1
3251,2018-03-27,Transportation,,969,245160.32,104
1791,2018-06-05,Professional Services,region_3,53,764628.83,26
1381,2019-01-30,Construction,region_8,112,596211.5,14
1356,2014-03-05,Professional Services,region_10,16,599237.46,28
5061,2017-01-21,Agriculture,region_6,507,559703.06,20
6440,2012-12-06,Entertainment,region_3,756,893616.08,51
4868,2017-02-26,Hospitality,region_10,749,336487.53,40
4560,2010-11-15,Hospitality,region_10,976,422743.41,28
1755,2014-11-17,Finance,region_1,394,532360.0,33
6631,2012-04-03,Real Estate,region_9,129,206000.94,93
4668,2018-08-02,IT,region_7,931,77934.65,90
7312,2017-01-06,Energy,region_9,760,829915.87,109
1836,2013-12-08,IT,region_6,924,957401.87,86
8226,2015-08-02,Professional Services,region_5,441,758559.6,50
2579,2017-12-25,Entertainment,,694,486561.64,68
1068,2014-12-04,Hospitality,region_4,408,587148.48,93
1117,2013-04-05,Real Estate,region_7,194,792340.72,80
5058,2019-04-08,Healthcare,region_9,609,110181.43,18
7319,2014-06-30,Construction,region_6,558,99504.0,84
3378,2019-05-13,Hospitality,region_10,737,829166.44,50
6456,2013-11-20,IT,region_8,730,865467.27,57
7395,2016-12-27,Finance,region_4,372,59875.94,96
6485,2017-09-03,Professional Services,region_3,921,510101.86,115
7491,2017-05-12,Construction,region_9,342,817573.33,105
1783,2012-03-01,Telecommunications,region_10,577,612573.16,18
9783,2017-09-04,Telecommunications,region_7,56,924069.66,114
7915,2014-07-18,Energy,,645,821256.25,30
2554,2013-07-18,Entertainment,region_8,686,950991.31,63
7294,2016-11-14,IT,region_6,602,937692.1,115
9405,2011-02-20,Manufacturing,region_3,466,425567.71,107
5076,2018-08-03,IT,region_3,321,154373.98,103
1736,2010-01-19,Hospitality,region_9,220,171574.62,52
1526,2016-01-04,Professional Services,region_10,296,159483.2,111
8383,2010-07-03,Agriculture,region_7,831,634973.06,68
3956,2013-06-07,Telecommunications,region_6,530,958511.65,7
4860,2018-02-22,Education,region_4,381,22273.24,99
3144,2014-09-08,Finance,region_6,523,257327.83,45
8382,2019-01-24,Healthcare,region_10,972,181198.03,77
7784,2016-09-17,Real Estate,region_10,247,647303.06,63
1179,2014-04-17,Retail,,696,34789.8,33
3213,2015-02-06,Manufacturing,region_8,818,681527.5,77
9171,2013-01-27,IT,region_8,607,402104.6,61
2327,2018-07-23,Agriculture,region_6,86,25645.21,121
8623,2014-12-27,Agriculture,region_3,829,549752.85,24
1760,2012-11-19,Construction,region_1,931,926920.37,20
7170,2016-02-18,IT,region_7,82,202681.93,46
8431,2015-04-11,Manufacturing,region_5,209,456579.26,25
3750,2013-06-14,Manufacturing,region_9,895,656041.58,106
8709,2016-09-12,Professional Services,region_10,500,412787.28,16
8152,2015-05-12,Transportation,,415,670722.92,66
6428,2012-05-06,Entertainment,region_3,107,618056.82,22
7458,2019-01-06,Entertainment,region_6,355,887779.1,112
1446,2014-10-28,Healthcare,region_2,91,499317.18,37
7480,2014-03-16,Telecommunications,region_10,825,903128.17,46
1106,2010-05-22,Finance,region_5,587,575501.06,114
2263,2016-03-22,Retail,region_10,347,295667.48,83
7500,2018-09-21,Energy,region_6,835,633850.45,108
6157,2017-03-18,Entertainment,region_4,468,217184.57,34
5219,2017-08-15,Healthcare,region_9,828,579120.35,94
9988,2011-08-20,Real Estate,region_1,884,732116.36,112
9060,2013-03-11,Retail,region_9,72,425961.23,121
1718,2018-11-13,Construction,region_5,457,927679.51,30
4960,2014-02-18,Energy,region_4,765,842289.21,32
9347,2014-02-18,Entertainment,region_4,250,496694.23,71
5455,2010-12-31,Healthcare,region_7,742,472600.63,72
5003,2016-10-18,Hospitality,region_3,403,477161.91,41
6887,2014-09-30,IT,region_4,786,748191.51,100
2771,2013-12-19,Hospitality,region_7,856,161957.28,16
7956,2016-10-17,Finance,region_3,364,674689.49,33
1895,2017-12-05,Telecommunications,region_3,950,387494.46,13
1651,2010-02-16,Hospitality,region_1,184,821461.64,25
6472,2010-08-12,Education,region_1,873,691864.69,84
3163,2015-10-27,Education,region_9,563,473721.27,88
1688,2016-02-27,Professional Services,region_1,175,646375.73,98
2374,2017-02-26,Professional Services,region_3,829,861957.92,22
7193,2014-07-05,Hospitality,region_6,992,22019.49,55
7746,2014-08-21,Transportation,region_2,256,416237.95,47
9214,2011-07-01,Construction,,787,145296.69,24
4586,2011-01-08,IT,region_4,710,559491.86,40
4735,2013-11-13,Education,region_3,464,189707.88,12
2164,2012-10-16,Hospitality,region_2,991,845964.53,16
9222,2011-04-29,Retail,region_8,365,784933.73,26
3488,2017-09-25,IT,region_8,992,233044.37,9
6047,2018-06-23,Real Estate,region_10,86,883256.93,53
2492,2011-03-30,Transportation,region_7,529,529842.3,84
9747,2013-09-05,Manufacturing,region_6,106,322606.83,9
1082,2010-07-12,Entertainment,region_10,94,842708.86,84
8342,2016-08-29,IT,region_3,802,888548.67,23
8142,2012-05-04,Manufacturing,region_3,659,518907.71,81
7760,2014-12-26,Agriculture,region_3,122,112289.63,16
5034,2016-03-02,Energy,region_6,764,689981.07,86
1375,2015-03-12,Manufacturing,region_5,389,837504.34,88
7265,2012-06-23,Education,region_7,810,583868.07,104
5593,2014-06-07,Professional Services,region_1,682,772691.43,45
3915,2014-10-29,Healthcare,region_3,455,127833.91,75
5520,2014-01-28,Finance,region_1,734,191970.04,110
3462,2019-01-29,Transportation,region_1,213,49547.0,86
8460,2014-07-21,Transportation,region_2,287,600759.09,35
3429,2010-09-25,Telecommunications,region_10,678,63513.77,84
2156,2010-09-06,Retail,region_9,742,470560.35,34
8079,2011-10-14,Hospitality,region_5,134,456703.14,31
3988,2012-04-19,Agriculture,region_5,687,646735.87,116
8747,2016-12-08,Construction,region_5,614,789071.72,11
1484,2012-04-18,Hospitality,region_9,250,217333.01,48
2030,2017-04-18,Agriculture,region_4,81,382704.74,95
5126,2016-07-17,Real Estate,region_3,817,327628.53,68
2145,2010-07-30,IT,region_5,959,750311.83,56
7992,2013-01-02,Manufacturing,region_5,529,324545.11,66
7021,2019-11-19,Healthcare,,36,211386.74,2
8083,2012-05-18,IT,region_5,624,463157.83,7
6626,2017-02-18,Finance,region_5,883,281824.54,31
5501,2014-05-27,Manufacturing,region_4,6,170250.67,28
4619,2014-04-14,Transportation,region_1,473,229605.07,69
7527,2015-09-22,Finance,region_9,113,135590.16,28
5358,2010-03-07,Energy,region_1,648,986831.22,76
1627,2015-09-02,Transportation,region_2,209,626840.79,71
7947,2015-11-10,Education,region_4,312,997098.32,23
2553,2016-08-30,Telecommunications,region_4,970,67025.04,53
8187,2014-02-10,Finance,region_7,874,538053.56,23
2690,2016-05-14,Entertainment,region_9,160,251677.88,35
1160,2019-03-07,Telecommunications,region_2,781,17408.17,121
5531,2013-10-08,Energy,region_5,65,593892.08,35
5859,2013-12-01,Hospitality,region_3,347,598351.48,86
8814,2012-09-06,Education,region_8,884,670164.95,97
3843,2016-06-13,Finance,region_10,916,21074.89,34
6398,2018-04-06,Healthcare,region_8,817,176958.43,83
8134,2015-07-14,Agriculture,region_9,542,958116.47,98
8368,2018-08-13,Telecommunications,region_8,779,156467.44,60
9185,2014-08-02,Healthcare,region_3,691,21691.0,24
2409,2018-02-11,Manufacturing,region_8,800,970095.77,111
4663,2013-11-17,Entertainment,region_3,929,327250.34,68
1967,2019-07-06,Agriculture,region_3,0,26111.0,48
3842,2018-04-16,Finance,region_7,937,821332.69,64
7531,2017-06-08,Agriculture,region_9,719,876348.9,26
4823,2016-11-11,Real Estate,region_3,721,75689.28,76
9731,2010-05-08,Agriculture,region_7,552,168734.74,29
3727,2011-12-28,Telecommunications,region_6,145,553464.99,41
7633,2011-09-02,Professional Services,region_8,658,217986.25,105
4355,2018-07-29,Healthcare,region_8,643,252406.2,74
7296,2015-09-27,Manufacturing,region_4,777,594085.37,67
3355,2018-10-02,Education,region_8,263,890408.83,39
5553,2014-06-27,Professional Services,region_3,283,711855.07,95
6228,2018-08-21,Construction,region_8,440,399317.63,33
1800,2018-06-08,Finance,region_4,574,321013.34,54
8035,2016-12-20,Education,region_8,10,384208.79,75
3020,2015-12-20,Professional Services,region_2,258,237802.12,23
6394,2012-10-18,Hospitality,region_7,913,192466.9,6
6238,2017-04-07,Transportation,region_4,926,767076.98,57
8559,2012-05-20,Energy,region_10,181,646100.63,59
1267,2017-07-17,Agriculture,region_1,889,106569.26,101
4985,2012-01-25,Finance,region_2,867,621173.63,63
9569,2014-09-18,Transportation,region_2,274,601801.55,99
6506,2017-03-08,Telecommunications,region_5,324,451571.4,49
6736,2018-02-23,IT,region_6,734,453973.68,42
7762,2010-05-06,IT,region_10,543,870400.95,89
3247,2019-06-10,Healthcare,region_3,614,612719.73,95
9717,2017-05-25,Entertainment,region_8,254,783109.8,82
8770,2019-10-09,Hospitality,region_8,20,190722.84,3
2968,2010-10-09,Construction,region_10,175,851759.76,112
2567,2010-12-08,Construction,region_7,53,92726.41,43
3690,2017-01-21,IT,region_10,940,203465.39,116
3108,2016-09-29,Healthcare,region_8,644,679258.77,73
1044,2013-05-13,Energy,region_3,29,308775.41,114
8548,2013-11-06,Agriculture,region_2,659,456785.93,61
9654,2017-12-28,Agriculture,region_2,813,280107.62,37
4466,2011-11-18,Finance,region_7,335,459637.22,13
7848,2017-09-03,Energy,region_10,258,692008.04,20
7863,2017-04-13,IT,region_3,903,107333.43,86
5800,2012-08-26,Manufacturing,region_8,574,66249.5,103
3628,2019-05-10,Professional Services,region_1,308,181293.68,60
3215,2018-11-26,Manufacturing,region_8,410,737729.64,80
5411,2016-09-10,Hospitality,region_4,189,10816.37,25
7911,2016-02-22,IT,region_1,400,338431.82,27
2529,2012-01-26,Professional Services,region_2,918,318981.72,96
7512,2010-05-05,IT,region_7,60,604796.84,88
5492,2018-11-15,Agriculture,region_3,193,85872.27,99
1151,2010-02-17,Education,,179,984739.19,88
3657,2018-04-17,IT,region_1,869,371031.51,86
3543,2014-09-08,Entertainment,region_2,762,496598.04,35
8436,2010-02-02,Entertainment,region_2,86,729740.8,22
7245,2018-02-22,Retail,region_6,295,36587.22,28
6122,2017-06-14,Hospitality,region_6,651,394173.01,35
1929,2018-08-12,Healthcare,region_10,572,763892.67,114
9971,2012-06-16,Transportation,region_1,652,928956.26,104
7029,2019-06-22,Agriculture,region_4,216,104399.92,18
7333,2010-04-14,Finance,region_9,793,594311.14,84
4317,2012-05-26,Manufacturing,region_4,614,287782.73,7
4738,2014-05-20,Energy,region_2,814,762327.13,39
3203,2018-03-09,Healthcare,region_7,983,202889.31,84
7615,2017-11-28,Education,region_4,443,121001.93,21
9451,2018-07-23,Retail,region_3,21,954567.2,21
4245,2012-09-09,Hospitality,region_8,326,899267.94,115
8050,2010-10-09,Healthcare,region_4,137,560656.27,19
9129,2013-09-08,Professional Services,region_6,881,477847.78,20
5102,2014-04-02,Healthcare,region_9,950,46937.19,62
6160,2011-10-24,IT,region_1,313,569663.38,28
9179,2018-10-02,Entertainment,region_4,302,482312.04,14
1624,2014-10-05,Professional Services,region_4,194,765777.18,45
6796,2018-03-05,Energy,region_8,317,645243.8,74
4081,2014-03-26,Hospitality,region_2,822,488633.96,54
7479,2016-06-05,IT,region_3,638,43273.87,83
4049,2017-12-26,Agriculture,region_2,195,642343.6,9
1139,2015-07-04,Agriculture,region_8,138,359217.42,56
5362,2014-04-28,Professional Services,region_4,495,492112.26,7
8529,2012-04-26,Finance,region_10,864,36214.31,61
1343,2015-04-08,Energy,region_4,260,999414.84,15
9000,2019-01-21,Healthcare,region_1,211,603622.71,8
1471,2011-11-06,Agriculture,region_5,939,550593.53,97
1872,2016-09-24,Manufacturing,region_1,197,110768.13,91
4981,2016-05-26,Energy,region_2,18,439695.26,98
7297,2011-11-22,Manufacturing,region_9,205,412437.18,104
8143,2014-01-01,Healthcare,region_7,228,944704.19,62
3024,2019-04-05,Construction,region_6,454,357836.19,48
2227,2011-11-03,Construction,region_8,297,525562.9,27
7974,2011-09-12,Transportation,region_7,197,507965.3,18
8755,2018-03-15,Construction,region_9,593,776111.26,44
2295,2019-03-12,Retail,region_5,897,335654.21,10
1792,2014-02-20,Energy,region_2,564,485803.06,71
4570,2013-03-02,Entertainment,region_6,183,589296.34,46
2635,2012-12-15,Agriculture,region_4,334,697104.56,44
1853,2018-03-23,Telecommunications,region_9,8,45942.62,109
5120,2016-01-19,IT,region_7,511,430093.06,76
8872,2010-10-22,Finance,region_9,301,293876.46,116
6718,2013-03-09,Energy,region_10,560,210651.01,71
6510,2014-04-16,Telecommunications,region_2,526,275828.51,56
7461,2017-03-21,Real Estate,region_9,976,38060.33,34
3168,2010-09-12,Education,region_7,732,695037.53,18
1740,2014-06-29,Telecommunications,region_1,837,528189.61,63
2109,2011-03-01,Telecommunications,region_6,416,259193.54,65
2471,2012-01-04,Education,region_6,662,142637.45,68
8947,2018-12-28,IT,region_8,620,623831.23,32
6505,2018-11-22,Construction,region_3,852,862160.02,63
9456,2013-03-30,Energy,region_1,350,533375.79,23
9412,2012-12-06,Hospitality,region_2,926,823397.01,90
6167,2014-03-17,Finance,region_6,452,85188.88,34
3730,2015-04-18,Hospitality,region_4,327,17014.5,74
8283,2016-12-30,Manufacturing,region_9,52,370717.96,10
6275,2019-04-24,Healthcare,region_10,682,758981.49,36
4327,2011-09-13,IT,region_1,815,10982.54,70
4429,2013-06-24,Telecommunications,region_1,785,938189.61,29
9560,2019-04-25,Construction,region_1,262,791662.62,58
9661,2012-07-24,Agriculture,region_4,754,795090.58,14
9621,2016-08-23,Education,region_5,796,444820.06,118
7466,2015-01-22,Transportation,region_9,413,557144.85,85
5379,2011-08-26,Healthcare,region_5,178,568653.24,114
2464,2018-09-26,Energy,region_2,840,567352.42,69
9894,2012-05-19,Agriculture,region_5,310,216558.88,92
5403,2010-01-27,Agriculture,region_4,8,857402.88,67
8258,2018-04-12,Construction,region_4,236,760716.55,89
6106,2010-12-13,IT,region_7,418,574804.06,50
9519,2013-05-18,Transportation,region_9,35,501593.23,71
4612,2015-02-05,Energy,region_2,282,959482.6,75
9123,2010-02-12,Telecommunications,region_7,449,757817.83,112
5814,2018-11-03,Education,region_7,547,767722.76,67
2245,2011-04-04,Professional Services,region_5,599,510904.77,50
4300,2010-08-24,Education,,158,839241.12,118
5786,2019-01-16,Agriculture,region_8,31,172734.94,60
2311,2013-09-24,Finance,region_3,233,596255.18,100
3300,2016-08-15,Transportation,region_3,735,887029.81,69
3643,2013-04-19,Professional Services,region_2,475,485279.27,119
2155,2018-06-02,Healthcare,region_4,463,557666.65,106
6517,2016-11-03,Education,region_6,297,801116.37,114
8674,2010-09-16,Agriculture,region_6,432,713958.66,65
8809,2011-01-24,Entertainment,region_8,189,973615.2,43
6526,2011-04-30,Finance,region_8,569,313706.34,103
7894,2017-04-16,Healthcare,region_6,311,451275.34,38
6064,2015-10-30,Finance,region_1,426,747828.36,35
3420,2013-07-24,Energy,region_4,794,407681.79,74
8481,2010-10-23,Real Estate,region_8,994,489371.38,51
9939,2015-04-10,Entertainment,,806,334790.43,32
6107,2018-09-06,Real Estate,region_9,479,870762.55,121
2423,2017-03-28,Manufacturing,region_1,442,293967.2,36
8094,2014-09-29,Education,region_2,444,13963.13,114
2286,2013-09-08,Agriculture,region_4,204,233520.65,47
6295,2016-05-24,Hospitality,region_7,21,606531.2,109
6371,2016-02-26,Professional Services,region_6,165,327378.22,38
7867,2013-08-06,Transportation,region_7,731,837157.91,58
4866,2012-02-19,Agriculture,region_2,887,675715.18,112
6542,2017-09-14,Real Estate,region_5,756,602869.79,117
2193,2016-08-11,Retail,region_3,67,823906.0,14
9756,2011-11-11,Manufacturing,region_9,648,39907.85,38
8112,2015-05-04,Construction,region_3,57,758318.95,38
8378,2015-10-22,Professional Services,region_3,434,304356.23,105
9579,2014-05-16,Manufacturing,region_6,208,324478.67,107
2906,2017-12-31,Retail,region_3,677,66717.84,108
5555,2014-12-22,Retail,region_3,892,682656.32,51
9018,2015-07-08,Manufacturing,region_6,338,386198.41,20
7340,2011-06-23,Construction,region_10,614,303292.19,10
1714,2011-12-29,Healthcare,region_3,377,575800.64,43
3597,2018-12-02,Transportation,region_8,740,179293.45,120
9206,2014-11-17,Construction,region_10,764,354532.88,16
7811,2016-03-05,Agriculture,region_7,385,48521.71,33
7378,2018-08-18,Healthcare,,242,429349.49,93
5974,2014-11-30,Telecommunications,region_1,30,435726.3,92
2213,2017-03-09,Manufacturing,region_2,989,70221.57,85
6911,2017-03-20,Real Estate,region_8,673,444644.76,108
6862,2011-04-06,Telecommunications,region_9,959,756817.46,121
5098,2015-11-19,Professional Services,region_6,733,803783.8,99
7301,2014-12-28,Finance,region_5,570,852526.62,65
7043,2012-02-10,Retail,region_6,802,962267.24,76
8422,2012-10-05,Transportation,region_6,548,907833.39,114
9357,2010-12-01,Retail,region_5,172,975213.08,31
5597,2012-08-14,Transportation,region_2,796,219081.78,57
9115,2011-11-10,Energy,region_3,514,99235.61,18
9598,2017-02-16,Entertainment,region_1,766,208268.12,41
6115,2012-04-22,Transportation,region_4,454,753799.02,79
5937,2016-03-28,Retail,region_2,287,928569.42,38
3006,2014-12-23,Retail,region_9,331,97506.33,42
1456,2018-12-14,Retail,region_7,836,343616.75,65
8887,2013-04-11,Energy,region_7,942,961647.91,52
8556,2011-09-26,Agriculture,region_1,359,707413.71,62
9085,2018-07-07,Entertainment,region_3,963,94125.01,63
4559,2010-08-22,Finance,region_10,361,928579.64,66
9674,2010-09-14,Retail,,353,701163.19,7
7053,2016-06-02,Manufacturing,region_7,829,566706.2,23
9224,2014-11-01,Healthcare,region_2,781,421128.6,7
5426,2019-05-11,Healthcare,region_1,82,186424.79,42
7737,2015-03-15,Professional Services,region_3,669,633289.56,77
1988,2011-12-03,Retail,region_1,843,568431.1,21
2536,2016-07-23,Healthcare,region_2,394,433535.67,15
6039,2012-12-27,Manufacturing,,636,631474.57,95
6525,2014-04-18,Healthcare,region_2,726,549533.11,39
5316,2016-05-23,Transportation,region_7,639,481153.31,78
8645,2014-02-16,Transportation,,474,297406.16,15
5290,2012-12-28,Construction,region_7,763,290149.75,98
3236,2014-08-15,Professional Services,region_9,656,612047.63,10
9421,2014-09-04,Manufacturing,region_3,641,243904.9,87
7666,2014-09-11,Construction,region_5,282,373075.67,104
5144,2013-10-07,Energy,region_8,383,443160.99,99
3554,2019-12-30,Energy,region_1,1,6269.88,90
6163,2016-03-28,IT,region_3,558,568167.84,43
8816,2013-02-23,Retail,region_2,471,376921.98,103
9659,2018-06-12,Retail,region_1,585,418187.62,121
9910,2018-02-21,Energy,region_6,25,424400.26,47
2664,2010-10-25,Retail,region_1,881,974697.62,59
6634,2018-09-07,Retail,region_6,851,929640.72,54
3930,2018-02-25,Entertainment,region_10,487,527936.28,65
5057,2012-06-13,Finance,region_6,315,406065.89,107
8304,2017-09-05,Retail,region_6,737,707824.73,99
1786,2014-09-13,Telecommunications,region_6,671,814776.29,59
4747,2014-04-23,Entertainment,region_9,162,479784.79,65
3668,2014-04-07,Education,region_10,400,311862.23,52
2747,2014-04-30,Entertainment,region_9,775,225658.92,55
2108,2016-12-03,Hospitality,region_3,925,215279.8,42
1896,2014-05-29,Agriculture,region_6,104,910837.8,22
6453,2016-11-19,Education,region_1,36,109006.23,82
1888,2017-01-01,Real Estate,region_1,294,502720.16,81
7971,2010-09-11,Agriculture,region_9,190,198976.3,43
1925,2017-10-25,Telecommunications,region_9,326,100220.13,30
1824,2018-06-03,Professional Services,region_8,429,959436.12,79
8371,2012-09-17,Manufacturing,region_10,52,989187.16,74
7961,2018-12-14,Manufacturing,region_2,400,322381.38,67
6315,2012-11-26,Transportation,region_5,934,99455.29,46
6821,2017-09-18,Professional Services,region_6,436,151908.8,78
5560,2018-02-16,Agriculture,region_3,719,85598.19,28
4521,2019-10-31,Agriculture,region_4,18,198696.83,4
3495,2019-12-16,IT,region_4,16,146845.14,3
6743,2015-05-19,Professional Services,region_5,225,472085.4,13
7952,2010-01-14,Entertainment,region_4,546,89873.57,55
8851,2017-03-15,Transportation,region_8,20,104281.27,104
7880,2016-04-12,Professional Services,region_9,649,363544.44,89
6176,2016-08-23,Education,region_8,542,192297.82,13
9292,2018-01-21,Professional Services,region_2,247,271148.18,77
5613,2014-04-12,Hospitality,region_7,48,569496.63,35
8522,2017-02-15,Telecommunications,region_3,965,724057.44,16
3441,2015-07-21,Real Estate,region_3,319,903346.22,90
7859,2010-07-05,Agriculture,region_10,700,485230.69,82
2454,2017-10-17,Hospitality,region_9,359,643971.26,30
3112,2018-04-30,Education,region_4,659,848365.44,42
2243,2010-12-31,Finance,region_7,446,755965.56,86
3269,2010-09-20,Construction,region_3,527,249074.71,36
1643,2018-09-19,Energy,region_2,720,950107.01,26
9585,2014-04-22,Finance,region_3,658,851160.63,102
6300,2018-05-19,Professional Services,region_8,399,802077.29,62
6361,2012-10-26,Finance,region_8,453,127589.35,73
2360,2012-07-02,Finance,region_8,698,910988.78,108
2832,2015-10-10,Manufacturing,region_1,605,183070.75,54
3437,2015-05-08,Finance,region_10,652,578244.37,12
3510,2015-03-23,Manufacturing,region_4,339,731978.53,37
9167,2011-02-20,Agriculture,region_2,925,543883.22,8
5914,2018-10-23,Hospitality,region_9,481,767164.82,17
4753,2018-01-25,Hospitality,region_2,224,329975.22,30
2204,2013-08-06,Hospitality,region_7,516,302089.74,111
6919,2015-01-12,Manufacturing,region_10,310,908341.03,84
4889,2012-09-27,Healthcare,region_4,593,523394.79,112
6169,2011-01-16,Real Estate,region_4,773,505312.46,45
8448,2016-12-17,Education,region_5,358,324804.66,106
8246,2014-04-18,Construction,region_5,801,888168.63,52
5738,2010-01-14,Hospitality,region_8,46,484480.65,66
4412,2013-06-11,Transportation,region_2,734,630548.07,11
6863,2014-08-28,Manufacturing,region_9,348,508015.35,8
2405,2017-11-14,Education,region_8,798,396580.14,6
5240,2019-03-10,IT,region_1,515,262656.81,61
6211,2012-01-14,Retail,region_5,439,421521.41,120
7495,2014-05-25,IT,region_1,475,585062.63,60
3284,2019-02-26,Retail,region_7,76,456415.5,32
2375,2014-07-12,Finance,region_7,530,402396.24,105
9820,2012-09-23,Hospitality,region_7,25,410112.99,52
4434,2015-02-20,Retail,region_3,205,995713.1,87
8179,2018-04-14,Professional Services,region_10,559,615642.75,70
4652,2013-04-17,Telecommunications,region_7,188,136112.26,90
4955,2014-11-08,Manufacturing,region_10,921,808766.1,81
6327,2018-03-27,Transportation,region_8,949,89964.04,63
9204,2013-09-26,Education,region_10,838,286997.83,121
6139,2018-05-23,Energy,region_3,675,111338.63,26
9324,2011-06-15,Real Estate,region_10,111,618283.22,9
3365,2012-05-14,Real Estate,region_3,683,454318.32,13
2116,2017-03-28,Manufacturing,region_6,361,454860.4,36
4354,2014-02-11,Finance,region_10,88,80457.13,84
9255,2015-01-21,Construction,region_5,187,23953.7,92
9194,2018-01-20,Telecommunications,region_2,570,607172.61,107
8096,2015-08-12,IT,region_5,260,976438.86,86
9913,2012-07-19,Education,region_4,710,180150.67,13
1060,2019-11-16,Real Estate,region_10,28,231061.37,3
6558,2011-08-21,Transportation,region_3,465,720825.8,65
7189,2016-07-19,Entertainment,region_3,26,203813.89,75
2329,2016-04-09,IT,region_9,158,535448.84,27
4595,2011-07-01,Professional Services,region_10,36,470516.45,64
5647,2016-11-08,Education,region_9,731,290303.73,108
8285,2019-10-27,Entertainment,region_6,27,184583.23,2
2199,2011-12-21,Manufacturing,region_9,511,483727.34,121
4986,2018-08-17,Transportation,region_10,216,51645.78,64
3720,2011-05-14,Professional Services,region_4,591,17274.66,87
8924,2012-01-30,Finance,region_10,135,897640.84,114
5541,2010-11-11,Finance,region_1,582,608701.23,121
6412,2017-08-26,Entertainment,region_5,80,593993.82,66
5886,2015-09-05,Healthcare,region_7,179,537710.2,74
1512,2017-02-16,Construction,region_8,717,997337.64,42
6132,2019-05-23,Real Estate,region_10,395,350815.21,70
5282,2019-04-06,Retail,,524,800059.11,32
9981,2011-09-19,Entertainment,region_8,448,935409.58,77
7605,2012-04-30,Hospitality,region_1,401,825996.56,111
4776,2013-08-18,Healthcare,region_1,820,555454.77,29
9518,2015-12-03,Manufacturing,region_7,842,921158.74,115
2176,2010-07-30,Energy,,877,841848.51,60
9326,2010-06-07,Entertainment,region_9,30,516157.54,73
3808,2018-04-18,Hospitality,region_8,685,241952.64,71
3756,2010-01-28,Education,region_5,768,878403.61,90
9384,2011-08-07,Hospitality,region_1,1001,659393.58,13
3548,2017-03-25,Healthcare,region_7,694,952678.72,65
7647,2014-11-20,Telecommunications,region_7,713,546430.33,34
8801,2010-01-21,Education,region_8,747,126949.54,50
2790,2013-11-29,Telecommunications,region_2,718,291165.76,56
3061,2018-09-17,Finance,region_5,170,594632.03,30
1352,2012-08-18,Professional Services,region_6,728,35947.26,109
9308,2016-08-30,Entertainment,region_6,230,476886.75,18
2246,2010-10-23,Finance,region_6,518,722939.04,23
2819,2018-05-07,Agriculture,region_1,763,523741.13,34
6184,2016-02-03,Construction,region_2,615,758950.71,26
5452,2013-01-15,IT,region_6,800,749134.95,65
9307,2016-11-28,Education,region_4,907,920029.88,75
7954,2012-04-26,IT,region_8,168,377567.68,81
8269,2012-06-13,Professional Services,,631,777480.92,35
3809,2016-10-01,Healthcare,region_7,8,515554.03,39
7363,2017-10-17,Retail,region_4,245,596285.08,32
7878,2014-02-06,IT,region_10,143,244492.0,39
1567,2016-07-30,Real Estate,region_6,803,378283.72,102
2825,2011-11-11,Healthcare,,831,243927.2,41
9226,2016-08-21,Energy,region_10,280,879134.64,42
8270,2010-11-29,Education,,462,387535.41,63
4512,2014-03-27,Agriculture,region_7,136,973927.43,103
5803,2016-05-16,Finance,,531,340930.68,84
5505,2013-12-15,Agriculture,region_5,707,426702.58,101
4204,2017-07-03,Finance,region_6,971,183167.78,106
4185,2017-12-07,Manufacturing,region_10,1001,243120.42,121
8615,2019-04-29,Education,region_2,651,50093.96,114
6594,2013-04-14,Transportation,region_10,901,830211.98,33
6789,2011-02-07,Retail,region_4,639,792509.14,88
2993,2011-04-17,Real Estate,region_3,332,120978.24,95
1841,2010-01-09,Professional Services,region_8,528,851926.87,30
7731,2018-06-27,IT,region_5,22,484129.22,47
2293,2018-08-24,Transportation,region_8,773,28663.06,84
6802,2013-08-19,Real Estate,region_5,13,403499.34,21
3286,2015-11-07,Hospitality,region_8,759,328186.67,93
3738,2014-08-09,Retail,region_4,976,123120.38,20
1711,2011-04-16,Retail,region_8,303,765555.21,119
5517,2018-09-13,Transportation,region_8,960,852056.32,95
5297,2019-01-21,Retail,region_10,727,684575.64,103
4745,2014-04-10,Entertainment,region_5,643,657433.42,42
9803,2018-06-02,Entertainment,region_8,95,669554.99,54
6685,2018-03-01,Transportation,region_10,923,39335.57,11
7732,2018-02-18,Professional Services,region_3,360,282128.31,87
6990,2017-02-09,Education,,465,79784.61,38
2950,2019-10-08,Real Estate,region_9,2,16266.95,45
8472,2012-03-11,Agriculture,region_10,401,706699.25,8
3296,2019-06-01,Finance,region_6,279,815391.28,17
7398,2013-03-25,Telecommunications,region_6,217,558224.47,10
5845,2018-09-08,Construction,region_5,878,171122.22,87
3516,2011-06-11,Entertainment,region_5,312,88278.49,101
4568,2013-01-15,Entertainment,region_8,681,792695.47,115
8857,2010-03-08,Transportation,region_10,545,510700.7,95
3055,2017-10-03,Education,region_10,886,243097.5,107
5050,2012-07-27,Telecommunications,region_5,407,978262.31,30
3780,2010-10-21,Agriculture,region_4,336,403402.39,58
6168,2010-09-26,Real Estate,region_4,371,702923.14,81
8852,2011-01-03,Professional Services,region_2,222,115316.84,18
2490,2011-04-18,Entertainment,region_4,79,472348.17,84
1048,2013-12-22,Transportation,region_7,141,553824.9,70
5156,2014-08-22,Telecommunications,region_9,651,642205.28,114
5785,2013-06-24,Healthcare,region_5,626,850967.2,106
1422,2017-08-26,Agriculture,region_4,370,452726.98,37
9464,2012-10-25,Construction,region_1,651,62502.05,104
5895,2012-12-13,Manufacturing,region_1,981,208659.96,31
9567,2015-05-20,Professional Services,region_7,44,280210.41,72
1250,2010-10-12,Retail,region_9,753,469067.54,41
6935,2015-03-18,Transportation,region_8,131,133204.36,82
9030,2011-03-28,Transportation,region_2,116,578554.32,18
7873,2011-09-12,Manufacturing,region_5,918,460221.6,24
7120,2014-01-01,Construction,region_9,644,346941.02,100
5831,2012-12-29,IT,region_9,162,313415.57,121
5615,2016-10-31,Transportation,region_2,681,120251.32,22
2480,2012-01-04,IT,region_4,877,944673.96,114
6188,2012-04-13,IT,region_3,777,354391.96,121
4928,2015-07-04,Education,region_8,859,731307.71,6
9963,2017-03-08,Construction,region_7,797,405951.72,105
7392,2017-11-27,Real Estate,region_5,482,529661.28,109
8874,2010-03-21,Retail,region_2,766,379855.1,45
5013,2011-10-11,Finance,region_1,92,433615.32,56
5792,2016-03-19,Transportation,region_10,466,615775.68,34
5544,2018-11-25,Hospitality,region_1,199,351318.53,54
7554,2014-09-10,Real Estate,region_3,422,547636.03,57
1685,2012-02-28,Entertainment,region_3,75,343240.96,88
6584,2017-01-16,Transportation,region_10,776,323295.54,53
8034,2013-06-11,Real Estate,,241,910208.3,50
3679,2013-01-10,Hospitality,region_3,351,641956.56,21
1256,2015-03-09,Manufacturing,region_3,782,293065.7,69
2638,2019-02-28,Telecommunications,region_2,586,870196.38,77
9316,2017-02-22,Education,region_9,533,370467.28,28
3171,2010-09-22,Transportation,region_1,478,989545.51,54
4090,2016-06-11,Telecommunications,region_9,505,508718.77,61
7733,2014-09-08,Manufacturing,region_6,679,662228.6,37
3526,2014-04-18,Construction,region_7,712,647645.99,36
9444,2019-06-19,Education,region_5,951,84248.5,6
5293,2012-05-06,Healthcare,region_7,280,658936.45,69
6917,2010-01-10,Professional Services,region_9,224,967277.67,73
3496,2012-09-30,Energy,,752,145463.47,21
6145,2014-11-03,Education,region_4,757,955828.4,37
2334,2010-01-04,Entertainment,region_6,192,484421.13,84
8624,2012-04-20,Healthcare,region_5,163,55604.25,30
9509,2010-04-24,Hospitality,region_5,732,414514.76,90
2619,2015-05-12,Entertainment,region_6,184,684156.93,66
2010,2013-03-28,Retail,region_8,432,25757.14,31
2446,2014-10-01,Transportation,region_3,905,717406.58,70
8785,2015-12-09,Transportation,region_9,707,417167.95,40
5340,2017-10-21,Finance,region_6,844,909883.28,97
1211,2019-02-14,Healthcare,region_7,685,742744.75,26
3027,2011-08-27,Entertainment,region_2,406,131741.06,7
2021,2015-05-03,Transportation,region_3,429,282182.38,86
1851,2015-10-03,Transportation,region_2,595,659356.31,21
5611,2019-03-06,Entertainment,region_4,206,734057.59,14
1210,2018-04-25,Energy,,135,468416.34,116
3349,2014-04-06,Telecommunications,region_3,283,510343.68,20
5065,2016-12-04,Hospitality,region_3,862,124118.06,82
2044,2017-07-23,Transportation,region_6,446,638980.9,46
4892,2017-03-08,Healthcare,region_6,248,524120.77,73
9290,2014-01-17,Construction,region_6,683,393625.53,109
4357,2018-01-31,Energy,region_9,763,346897.64,75
1055,2011-08-15,Construction,region_7,114,698088.0,103
8919,2010-01-02,Education,region_3,993,447685.23,38
7073,2017-08-07,Education,region_7,484,228670.05,120
3917,2011-01-23,Telecommunications,region_2,715,295607.68,63
7117,2018-02-26,Telecommunications,region_6,713,576441.67,45
2412,2018-05-08,Retail,region_5,459,129371.67,31
7365,2010-11-10,Entertainment,region_4,943,330739.75,13
7801,2012-05-22,Professional Services,region_4,590,413845.35,112
1916,2012-08-01,Education,region_2,280,880978.69,82
4634,2016-04-06,Construction,region_3,659,719498.72,62
9565,2011-04-18,Retail,region_5,633,789686.94,37
9484,2013-07-05,Professional Services,region_7,783,727116.49,48
7298,2015-09-20,Hospitality,region_7,860,62817.47,34
5655,2010-02-27,Education,region_8,558,599229.16,98
7451,2013-04-05,Real Estate,region_7,694,235533.04,39
7382,2017-03-31,Transportation,region_9,629,244317.16,32
4691,2018-09-29,Finance,region_8,365,717493.76,31
6463,2017-12-29,Construction,region_1,574,243301.38,34
2048,2019-04-26,Agriculture,region_6,322,40844.25,77
6895,2013-07-20,Telecommunications,region_6,174,874077.48,42
4659,2018-12-09,Entertainment,region_4,469,216197.19,95
3564,2010-10-27,Real Estate,region_2,771,317632.87,31
1566,2017-08-10,Finance,region_3,337,636774.68,70
1763,2010-10-08,Healthcare,region_8,458,856395.68,6
2105,2013-03-21,Finance,region_10,599,231308.66,112
7305,2015-01-11,Education,region_7,569,225967.69,77
5853,2013-06-08,Transportation,region_7,171,53419.7,81
1867,2012-02-25,Retail,region_3,843,408810.95,87
8954,2018-10-10,Finance,region_1,209,728966.41,93
5222,2016-09-27,Professional Services,region_5,787,604840.88,62
6078,2015-12-20,Agriculture,region_4,842,880322.32,60
9050,2013-06-21,Energy,,791,328884.94,56
1389,2018-06-17,IT,region_8,13,853125.41,13
4674,2014-07-09,Real Estate,region_2,241,896773.53,28
6422,2010-06-18,Finance,region_2,765,248335.52,31
4460,2016-07-02,Hospitality,region_3,425,998902.63,34
2326,2010-04-27,Retail,region_9,164,980442.18,99
1798,2015-07-02,Hospitality,region_3,774,818651.87,19
6847,2012-10-27,IT,region_6,553,606614.25,64
7231,2017-11-26,Retail,region_10,909,153465.02,41
9390,2010-03-07,Healthcare,region_3,627,363913.29,50
7652,2014-09-22,Professional Services,region_6,417,458223.37,45
9335,2013-09-04,Finance,region_2,228,493096.4,61
9755,2016-03-07,Transportation,region_5,844,585537.79,26
2066,2011-05-12,Real Estate,region_10,935,419467.11,66
4642,2015-07-20,IT,region_8,832,418108.34,39
4589,2015-03-22,Hospitality,region_1,368,994874.94,8
7840,2012-12-15,Retail,region_6,609,863206.85,102
2209,2013-02-02,Entertainment,region_3,28,618259.22,92
6362,2015-03-24,Energy,region_9,825,514889.04,39
5670,2015-06-28,Professional Services,region_1,615,755834.93,45
9418,2018-05-25,Professional Services,region_1,185,769034.57,75
5086,2012-11-21,Transportation,region_3,626,313765.5,18
9048,2014-03-29,Manufacturing,region_3,586,445086.95,10
5203,2014-09-06,Finance,region_7,978,306650.43,113
6698,2017-06-03,Education,,364,505035.85,107
3013,2011-05-14,Agriculture,region_1,232,844343.56,88
9879,2014-02-26,Healthcare,region_9,747,337866.46,113
1817,2012-02-21,Healthcare,region_1,487,895346.38,95
2383,2013-04-01,Manufacturing,,984,225158.48,60
6717,2015-07-07,Transportation,region_1,329,593635.29,41
2029,2016-04-15,Telecommunications,region_5,34,131413.33,115
3393,2016-07-30,Real Estate,region_3,736,372708.43,40
6479,2018-04-30,Energy,,644,629425.96,89
3293,2012-06-11,Finance,region_7,179,58009.64,34
7965,2019-06-20,Hospitality,,973,661312.86,67
3836,2017-03-08,Entertainment,region_4,677,63748.18,20
2459,2019-04-17,Real Estate,region_7,455,576764.68,109
8864,2012-06-10,Telecommunications,region_2,127,678177.83,19
4170,2010-04-01,Retail,region_6,273,755776.52,45
1754,2012-12-01,Transportation,,177,178528.0,40
6541,2017-11-21,Finance,region_1,985,930585.7,12
7701,2010-12-16,Professional Services,region_8,455,252649.28,22
8500,2010-11-06,Agriculture,region_1,580,381362.52,58
2868,2018-11-02,Hospitality,region_9,128,111346.63,46
2125,2018-07-27,Professional Services,,432,447859.54,61
2530,2016-02-12,Entertainment,region_1,198,243533.33,119
3472,2010-10-22,Hospitality,region_7,332,715356.47,52
3839,2015-09-30,Hospitality,region_3,113,443235.77,79
7857,2018-03-10,Professional Services,region_5,115,268685.22,41
8909,2019-02-02,Manufacturing,region_7,513,209442.0,69
3606,2011-09-12,IT,region_9,658,265540.28,13
5261,2013-12-05,Transportation,region_9,878,606066.95,46
4513,2015-06-15,Transportation,region_2,992,589218.07,81
7177,2011-07-29,Healthcare,region_9,372,59241.38,90
4737,2011-03-29,Agriculture,region_9,145,956776.54,62
2542,2011-05-30,Real Estate,region_10,862,388056.66,120
7651,2014-01-08,Real Estate,region_10,745,734079.97,26
9275,2010-04-17,Finance,region_8,988,384592.25,115
3125,2018-06-10,Education,region_7,611,314059.98,70
6296,2013-06-26,Energy,region_10,452,864037.48,51
3033,2012-04-05,Healthcare,region_3,286,248995.97,121
3419,2012-06-22,Energy,,557,617225.64,93
5500,2016-04-26,Hospitality,region_3,364,998708.54,79
1282,2010-05-29,Retail,region_10,286,431161.32,121
4689,2016-03-17,Hospitality,region_1,696,402098.36,46
2266,2019-03-02,Manufacturing,region_8,411,334862.08,63
2649,2013-06-24,Education,region_2,355,153819.74,10
6872,2017-02-06,Construction,region_6,923,443390.68,22
1733,2012-03-24,Transportation,region_4,287,169218.1,34
4793,2016-05-09,Entertainment,region_3,698,669195.17,37
9420,2016-11-15,Energy,region_6,700,870058.32,10
6750,2015-12-05,Real Estate,region_2,75,726175.41,93
5046,2013-03-05,Education,region_7,480,755626.44,111
5512,2012-02-06,Hospitality,region_4,906,929024.06,78
4313,2015-07-19,IT,region_1,292,648159.29,101
8441,2011-12-11,Professional Services,region_3,902,885653.17,55
5984,2015-06-10,Hospitality,region_2,49,322539.94,102
2363,2011-09-07,Agriculture,region_6,36,601362.56,13
4661,2013-01-10,Hospitality,region_9,739,224235.57,89
9118,2011-10-31,Finance,region_3,699,785579.35,116
6820,2017-03-30,Transportation,region_5,665,198853.34,15
8931,2017-06-26,Professional Services,region_1,565,393801.07,101
4841,2015-02-06,Healthcare,region_4,620,319058.27,53
6080,2018-08-05,Retail,region_7,46,684998.56,36
5538,2015-11-09,Education,region_4,126,732056.94,70
9822,2012-04-28,Healthcare,region_2,231,819931.79,110
9849,2012-02-23,Healthcare,,597,730035.47,27
7421,2018-04-19,Construction,region_10,962,156275.91,11
5009,2015-11-07,Telecommunications,region_10,766,16029.38,97
4723,2010-09-23,Telecommunications,region_2,952,819215.64,80
2328,2013-10-17,Healthcare,region_5,17,661451.99,57
2974,2016-12-22,Retail,region_1,97,831686.78,61
7256,2010-07-15,Finance,region_9,79,813757.35,20
6500,2016-10-27,Entertainment,region_5,962,277834.23,34
8158,2016-02-29,IT,region_6,667,15791.52,57
6535,2011-01-02,Education,region_2,179,932339.3,77
1780,2017-10-24,Agriculture,region_7,437,72898.01,28
4994,2019-02-11,IT,region_4,111,742544.13,40
4695,2011-10-24,Energy,region_1,467,523196.84,22
9515,2013-05-16,Retail,region_10,68,945036.05,97
1765,2013-01-06,Education,region_6,923,456440.15,30
1966,2012-04-16,Construction,region_10,31,10311.28,51
9845,2016-01-11,Entertainment,region_2,265,881719.73,111
5842,2013-07-13,Agriculture,region_9,748,319484.96,112
7217,2017-04-02,Telecommunications,region_10,464,258003.95,105
2378,2017-05-05,Finance,region_7,29,262351.89,104
8488,2014-09-09,Education,region_4,470,876150.08,78
9735,2014-12-23,Hospitality,region_5,404,788107.15,24
4443,2018-07-18,Construction,region_2,93,333841.13,60
