station_id,timestamp,pollutant,current_reading
ST001,2026-01-01 00:00:00,PM25,32.93
ST001,2026-01-01 04:00:00,PM25,33.64
ST001,2026-01-01 08:00:00,PM25,34.23
ST001,2026-01-01 12:00:00,PM25,24.01
ST001,2026-01-01 16:00:00,PM25,27.0
ST001,2026-01-01 20:00:00,PM25,34.19
ST001,2026-01-02 00:00:00,PM25,28.86
ST001,2026-01-02 04:00:00,PM25,30.65
ST001,2026-01-02 08:00:00,PM25,25.09
ST001,2026-01-02 12:00:00,PM25,26.45
ST001,2026-01-02 16:00:00,PM25,30.05
ST001,2026-01-02 20:00:00,PM25,32.41
ST001,2026-01-03 00:00:00,PM25,16.48
ST001,2026-01-03 04:00:00,PM25,
ST001,2026-01-03 08:00:00,PM25,33.09
ST001,2026-01-03 12:00:00,PM25,13.98
ST001,2026-01-03 16:00:00,PM25,25.79
ST001,2026-01-03 20:00:00,PM25,31.4
ST001,2026-01-04 00:00:00,PM25,21.2
ST001,2026-01-04 04:00:00,PM25,24.8
ST001,2026-01-04 08:00:00,PM25,29.0
ST001,2026-01-04 12:00:00,PM25,22.72
ST001,2026-01-04 16:00:00,PM25,22.64
ST001,2026-01-04 20:00:00,PM25,32.44
ST002,2026-01-01 00:00:00,PM25,
ST002,2026-01-01 04:00:00,PM25,17.31
ST002,2026-01-01 08:00:00,PM25,12.32
ST002,2026-01-01 12:00:00,PM25,16.0
ST002,2026-01-01 16:00:00,PM25,13.96
ST002,2026-01-01 20:00:00,PM25,23.79
ST002,2026-01-02 00:00:00,PM25,23.23
ST002,2026-01-02 04:00:00,PM25,22.62
ST002,2026-01-02 08:00:00,PM25,25.27
ST002,2026-01-02 12:00:00,PM25,13.95
ST002,2026-01-02 16:00:00,PM25,18.56
ST002,2026-01-02 20:00:00,PM25,23.25
ST002,2026-01-03 00:00:00,PM25,22.3
ST002,2026-01-03 04:00:00,PM25,20.74
ST002,2026-01-03 08:00:00,PM25,23.97
ST002,2026-01-03 12:00:00,PM25,12.76
ST002,2026-01-03 16:00:00,PM25,15.79
ST002,2026-01-03 20:00:00,PM25,30.06
ST002,2026-01-04 00:00:00,PM25,7.05
ST002,2026-01-04 04:00:00,PM25,25.99
ST002,2026-01-04 08:00:00,PM25,7.06
ST002,2026-01-04 12:00:00,PM25,14.2
ST002,2026-01-04 16:00:00,PM25,15.16
ST002,2026-01-04 20:00:00,PM25,18.94
ST003,2026-01-01 00:00:00,PM25,28.7
ST003,2026-01-01 04:00:00,PM25,41.03
ST003,2026-01-01 08:00:00,PM25,28.15
ST003,2026-01-01 12:00:00,PM25,32.21
ST003,2026-01-01 16:00:00,PM25,30.62
ST003,2026-01-01 20:00:00,PM25,37.07
ST003,2026-01-02 00:00:00,PM25,21.94
ST003,2026-01-02 04:00:00,PM25,33.86
ST003,2026-01-02 08:00:00,PM25,34.66
ST003,2026-01-02 12:00:00,PM25,19.58
ST003,2026-01-02 16:00:00,PM25,31.71
ST003,2026-01-02 20:00:00,PM25,31.87
ST003,2026-01-03 00:00:00,PM25,28.31
ST003,2026-01-03 04:00:00,PM25,34.65
ST003,2026-01-03 08:00:00,PM25,29.16
ST003,2026-01-03 12:00:00,PM25,
ST003,2026-01-03 16:00:00,PM25,
ST003,2026-01-03 20:00:00,PM25,35.49
ST003,2026-01-04 00:00:00,PM25,29.11
ST003,2026-01-04 04:00:00,PM25,
ST003,2026-01-04 08:00:00,PM25,27.02
ST003,2026-01-04 12:00:00,PM25,17.5
ST003,2026-01-04 16:00:00,PM25,35.43
ST003,2026-01-04 20:00:00,PM25,32.72
ST004,2026-01-01 00:00:00,PM25,26.63
ST004,2026-01-01 04:00:00,PM25,27.79
ST004,2026-01-01 08:00:00,PM25,33.05
ST004,2026-01-01 12:00:00,PM25,22.14
ST004,2026-01-01 16:00:00,PM25,29.23
ST004,2026-01-01 20:00:00,PM25,28.41
ST004,2026-01-02 00:00:00,PM25,25.46
ST004,2026-01-02 04:00:00,PM25,27.5
ST004,2026-01-02 08:00:00,PM25,31.79
ST004,2026-01-02 12:00:00,PM25,27.3
ST004,2026-01-02 16:00:00,PM25,
ST004,2026-01-02 20:00:00,PM25,28.3
ST004,2026-01-03 00:00:00,PM25,17.03
ST004,2026-01-03 04:00:00,PM25,33.64
ST004,2026-01-03 08:00:00,PM25,27.98
ST004,2026-01-03 12:00:00,PM25,20.32
ST004,2026-01-03 16:00:00,PM25,
ST004,2026-01-03 20:00:00,PM25,31.76
ST004,2026-01-04 00:00:00,PM25,25.94
ST004,2026-01-04 04:00:00,PM25,32.66
ST004,2026-01-04 08:00:00,PM25,18.19
ST004,2026-01-04 12:00:00,PM25,26.94
ST004,2026-01-04 16:00:00,PM25,27.48
ST004,2026-01-04 20:00:00,PM25,
ST005,2026-01-01 00:00:00,PM10,30.66
ST005,2026-01-01 04:00:00,PM10,38.55
ST005,2026-01-01 08:00:00,PM10,41.63
ST005,2026-01-01 12:00:00,PM10,27.73
ST005,2026-01-01 16:00:00,PM10,44.26
ST005,2026-01-01 20:00:00,PM10,51.14
ST005,2026-01-02 00:00:00,PM10,39.63
ST005,2026-01-02 04:00:00,PM10,51.93
ST005,2026-01-02 08:00:00,PM10,42.15
ST005,2026-01-02 12:00:00,PM10,33.45
ST005,2026-01-02 16:00:00,PM10,38.05
ST005,2026-01-02 20:00:00,PM10,43.76
ST005,2026-01-03 00:00:00,PM10,37.9
ST005,2026-01-03 04:00:00,PM10,31.94
ST005,2026-01-03 08:00:00,PM10,40.55
ST005,2026-01-03 12:00:00,PM10,44.73
ST005,2026-01-03 16:00:00,PM10,39.08
ST005,2026-01-03 20:00:00,PM10,45.21
ST005,2026-01-04 00:00:00,PM10,
ST005,2026-01-04 04:00:00,PM10,
ST005,2026-01-04 08:00:00,PM10,42.79
ST005,2026-01-04 12:00:00,PM10,44.86
ST005,2026-01-04 16:00:00,PM10,31.94
ST005,2026-01-04 20:00:00,PM10,
ST006,2026-01-01 00:00:00,PM25,29.86
ST006,2026-01-01 04:00:00,PM25,33.76
ST006,2026-01-01 08:00:00,PM25,29.97
ST006,2026-01-01 12:00:00,PM25,25.79
ST006,2026-01-01 16:00:00,PM25,32.89
ST006,2026-01-01 20:00:00,PM25,40.2
ST006,2026-01-02 00:00:00,PM25,35.58
ST006,2026-01-02 04:00:00,PM25,35.72
ST006,2026-01-02 08:00:00,PM25,34.09
ST006,2026-01-02 12:00:00,PM25,25.91
ST006,2026-01-02 16:00:00,PM25,29.7
ST006,2026-01-02 20:00:00,PM25,41.6
ST006,2026-01-03 00:00:00,PM25,24.29
ST006,2026-01-03 04:00:00,PM25,30.64
ST006,2026-01-03 08:00:00,PM25,28.74
ST006,2026-01-03 12:00:00,PM25,24.91
ST006,2026-01-03 16:00:00,PM25,28.77
ST006,2026-01-03 20:00:00,PM25,28.94
ST006,2026-01-04 00:00:00,PM25,19.63
ST006,2026-01-04 04:00:00,PM25,29.44
ST006,2026-01-04 08:00:00,PM25,29.04
ST006,2026-01-04 12:00:00,PM25,
ST006,2026-01-04 16:00:00,PM25,
ST006,2026-01-04 20:00:00,PM25,34.46
ST007,2026-01-01 00:00:00,PM25,34.15
ST007,2026-01-01 04:00:00,PM25,32.57
ST007,2026-01-01 08:00:00,PM25,26.46
ST007,2026-01-01 12:00:00,PM25,31.52
ST007,2026-01-01 16:00:00,PM25,27.14
ST007,2026-01-01 20:00:00,PM25,29.92
ST007,2026-01-02 00:00:00,PM25,31.37
ST007,2026-01-02 04:00:00,PM25,
ST007,2026-01-02 08:00:00,PM25,35.38
ST007,2026-01-02 12:00:00,PM25,23.19
ST007,2026-01-02 16:00:00,PM25,31.13
ST007,2026-01-02 20:00:00,PM25,34.51
ST007,2026-01-03 00:00:00,PM25,28.36
ST007,2026-01-03 04:00:00,PM25,22.97
ST007,2026-01-03 08:00:00,PM25,23.43
ST007,2026-01-03 12:00:00,PM25,25.93
ST007,2026-01-03 16:00:00,PM25,30.9
ST007,2026-01-03 20:00:00,PM25,30.23
ST007,2026-01-04 00:00:00,PM25,30.46
ST007,2026-01-04 04:00:00,PM25,31.17
ST007,2026-01-04 08:00:00,PM25,
ST007,2026-01-04 12:00:00,PM25,21.32
ST007,2026-01-04 16:00:00,PM25,24.0
ST007,2026-01-04 20:00:00,PM25,
ST008,2026-01-01 00:00:00,PM25,22.5
ST008,2026-01-01 04:00:00,PM25,28.37
ST008,2026-01-01 08:00:00,PM25,
ST008,2026-01-01 12:00:00,PM25,28.24
ST008,2026-01-01 16:00:00,PM25,23.5
ST008,2026-01-01 20:00:00,PM25,32.6
ST008,2026-01-02 00:00:00,PM25,29.73
ST008,2026-01-02 04:00:00,PM25,
ST008,2026-01-02 08:00:00,PM25,33.4
ST008,2026-01-02 12:00:00,PM25,27.58
ST008,2026-01-02 16:00:00,PM25,28.36
ST008,2026-01-02 20:00:00,PM25,28.42
ST008,2026-01-03 00:00:00,PM25,26.17
ST008,2026-01-03 04:00:00,PM25,33.28
ST008,2026-01-03 08:00:00,PM25,19.8
ST008,2026-01-03 12:00:00,PM25,
ST008,2026-01-03 16:00:00,PM25,33.9
ST008,2026-01-03 20:00:00,PM25,25.96
ST008,2026-01-04 00:00:00,PM25,
ST008,2026-01-04 04:00:00,PM25,25.88
ST008,2026-01-04 08:00:00,PM25,17.65
ST008,2026-01-04 12:00:00,PM25,17.48
ST008,2026-01-04 16:00:00,PM25,
ST008,2026-01-04 20:00:00,PM25,30.58
ST009,2026-01-01 00:00:00,PM25,29.96
ST009,2026-01-01 04:00:00,PM25,26.72
ST009,2026-01-01 08:00:00,PM25,22.64
ST009,2026-01-01 12:00:00,PM25,19.85
ST009,2026-01-01 16:00:00,PM25,27.69
ST009,2026-01-01 20:00:00,PM25,27.57
ST009,2026-01-02 00:00:00,PM25,15.89
ST009,2026-01-02 04:00:00,PM25,25.13
ST009,2026-01-02 08:00:00,PM25,29.57
ST009,2026-01-02 12:00:00,PM25,22.59
ST009,2026-01-02 16:00:00,PM25,17.29
ST009,2026-01-02 20:00:00,PM25,
ST009,2026-01-03 00:00:00,PM25,
ST009,2026-01-03 04:00:00,PM25,18.36
ST009,2026-01-03 08:00:00,PM25,17.11
ST009,2026-01-03 12:00:00,PM25,15.19
ST009,2026-01-03 16:00:00,PM25,28.59
ST009,2026-01-03 20:00:00,PM25,15.5
ST009,2026-01-04 00:00:00,PM25,16.09
ST009,2026-01-04 04:00:00,PM25,21.46
ST009,2026-01-04 08:00:00,PM25,18.36
ST009,2026-01-04 12:00:00,PM25,10.82
ST009,2026-01-04 16:00:00,PM25,18.66
ST009,2026-01-04 20:00:00,PM25,28.02
ST010,2026-01-01 00:00:00,PM10,31.86
ST010,2026-01-01 04:00:00,PM10,48.45
ST010,2026-01-01 08:00:00,PM10,22.66
ST010,2026-01-01 12:00:00,PM10,
ST010,2026-01-01 16:00:00,PM10,
ST010,2026-01-01 20:00:00,PM10,42.05
ST010,2026-01-02 00:00:00,PM10,23.22
ST010,2026-01-02 04:00:00,PM10,36.17
ST010,2026-01-02 08:00:00,PM10,
ST010,2026-01-02 12:00:00,PM10,25.2
ST010,2026-01-02 16:00:00,PM10,26.59
ST010,2026-01-02 20:00:00,PM10,37.54
ST010,2026-01-03 00:00:00,PM10,
ST010,2026-01-03 04:00:00,PM10,31.12
ST010,2026-01-03 08:00:00,PM10,19.64
ST010,2026-01-03 12:00:00,PM10,21.09
ST010,2026-01-03 16:00:00,PM10,30.95
ST010,2026-01-03 20:00:00,PM10,28.94
ST010,2026-01-04 00:00:00,PM10,31.42
ST010,2026-01-04 04:00:00,PM10,24.32
ST010,2026-01-04 08:00:00,PM10,
ST010,2026-01-04 12:00:00,PM10,17.83
ST010,2026-01-04 16:00:00,PM10,33.78
ST010,2026-01-04 20:00:00,PM10,28.82
ST011,2026-01-01 00:00:00,PM25,23.18
ST011,2026-01-01 04:00:00,PM25,18.83
ST011,2026-01-01 08:00:00,PM25,17.96
ST011,2026-01-01 12:00:00,PM25,15.58
ST011,2026-01-01 16:00:00,PM25,19.86
ST011,2026-01-01 20:00:00,PM25,25.79
ST011,2026-01-02 00:00:00,PM25,15.18
ST011,2026-01-02 04:00:00,PM25,19.99
ST011,2026-01-02 08:00:00,PM25,13.25
ST011,2026-01-02 12:00:00,PM25,15.77
ST011,2026-01-02 16:00:00,PM25,25.18
ST011,2026-01-02 20:00:00,PM25,26.04
ST011,2026-01-03 00:00:00,PM25,11.45
ST011,2026-01-03 04:00:00,PM25,21.27
ST011,2026-01-03 08:00:00,PM25,13.27
ST011,2026-01-03 12:00:00,PM25,12.0
ST011,2026-01-03 16:00:00,PM25,16.15
ST011,2026-01-03 20:00:00,PM25,14.9
ST011,2026-01-04 00:00:00,PM25,12.92
ST011,2026-01-04 04:00:00,PM25,16.99
ST011,2026-01-04 08:00:00,PM25,14.63
ST011,2026-01-04 12:00:00,PM25,12.77
ST011,2026-01-04 16:00:00,PM25,11.08
ST011,2026-01-04 20:00:00,PM25,20.76
ST012,2026-01-01 00:00:00,PM25,28.34
ST012,2026-01-01 04:00:00,PM25,39.53
ST012,2026-01-01 08:00:00,PM25,37.99
ST012,2026-01-01 12:00:00,PM25,29.9
ST012,2026-01-01 16:00:00,PM25,39.47
ST012,2026-01-01 20:00:00,PM25,32.95
ST012,2026-01-02 00:00:00,PM25,
ST012,2026-01-02 04:00:00,PM25,35.68
ST012,2026-01-02 08:00:00,PM25,36.54
ST012,2026-01-02 12:00:00,PM25,28.44
ST012,2026-01-02 16:00:00,PM25,
ST012,2026-01-02 20:00:00,PM25,40.87
ST012,2026-01-03 00:00:00,PM25,15.6
ST012,2026-01-03 04:00:00,PM25,33.96
ST012,2026-01-03 08:00:00,PM25,24.76
ST012,2026-01-03 12:00:00,PM25,
ST012,2026-01-03 16:00:00,PM25,25.82
ST012,2026-01-03 20:00:00,PM25,24.49
ST012,2026-01-04 00:00:00,PM25,24.81
ST012,2026-01-04 04:00:00,PM25,36.29
ST012,2026-01-04 08:00:00,PM25,27.18
ST012,2026-01-04 12:00:00,PM25,22.35
ST012,2026-01-04 16:00:00,PM25,30.7
ST012,2026-01-04 20:00:00,PM25,31.1
ST013,2026-01-01 00:00:00,PM25,12.54
ST013,2026-01-01 04:00:00,PM25,7.11
ST013,2026-01-01 08:00:00,PM25,11.66
ST013,2026-01-01 12:00:00,PM25,6.72
ST013,2026-01-01 16:00:00,PM25,10.41
ST013,2026-01-01 20:00:00,PM25,16.12
ST013,2026-01-02 00:00:00,PM25,14.22
ST013,2026-01-02 04:00:00,PM25,17.24
ST013,2026-01-02 08:00:00,PM25,12.3
ST013,2026-01-02 12:00:00,PM25,14.04
ST013,2026-01-02 16:00:00,PM25,21.81
ST013,2026-01-02 20:00:00,PM25,15.48
ST013,2026-01-03 00:00:00,PM25,13.94
ST013,2026-01-03 04:00:00,PM25,
ST013,2026-01-03 08:00:00,PM25,12.87
ST013,2026-01-03 12:00:00,PM25,1.72
ST013,2026-01-03 16:00:00,PM25,7.38
ST013,2026-01-03 20:00:00,PM25,13.8
ST013,2026-01-04 00:00:00,PM25,8.97
ST013,2026-01-04 04:00:00,PM25,12.74
ST013,2026-01-04 08:00:00,PM25,4.42
ST013,2026-01-04 12:00:00,PM25,6.53
ST013,2026-01-04 16:00:00,PM25,11.83
ST013,2026-01-04 20:00:00,PM25,15.06
ST014,2026-01-01 00:00:00,PM25,
ST014,2026-01-01 04:00:00,PM25,36.37
ST014,2026-01-01 08:00:00,PM25,28.6
ST014,2026-01-01 12:00:00,PM25,
ST014,2026-01-01 16:00:00,PM25,38.05
ST014,2026-01-01 20:00:00,PM25,39.34
ST014,2026-01-02 00:00:00,PM25,27.61
ST014,2026-01-02 04:00:00,PM25,31.91
ST014,2026-01-02 08:00:00,PM25,42.05
ST014,2026-01-02 12:00:00,PM25,
ST014,2026-01-02 16:00:00,PM25,35.56
ST014,2026-01-02 20:00:00,PM25,27.52
ST014,2026-01-03 00:00:00,PM25,35.09
ST014,2026-01-03 04:00:00,PM25,39.98
ST014,2026-01-03 08:00:00,PM25,37.03
ST014,2026-01-03 12:00:00,PM25,18.84
ST014,2026-01-03 16:00:00,PM25,36.86
ST014,2026-01-03 20:00:00,PM25,
ST014,2026-01-04 00:00:00,PM25,18.49
ST014,2026-01-04 04:00:00,PM25,41.31
ST014,2026-01-04 08:00:00,PM25,29.99
ST014,2026-01-04 12:00:00,PM25,23.19
ST014,2026-01-04 16:00:00,PM25,33.05
ST014,2026-01-04 20:00:00,PM25,30.85
ST015,2026-01-01 00:00:00,PM10,27.72
ST015,2026-01-01 04:00:00,PM10,47.39
ST015,2026-01-01 08:00:00,PM10,34.68
ST015,2026-01-01 12:00:00,PM10,32.92
ST015,2026-01-01 16:00:00,PM10,28.5
ST015,2026-01-01 20:00:00,PM10,35.99
ST015,2026-01-02 00:00:00,PM10,35.91
ST015,2026-01-02 04:00:00,PM10,25.23
ST015,2026-01-02 08:00:00,PM10,33.82
ST015,2026-01-02 12:00:00,PM10,20.66
ST015,2026-01-02 16:00:00,PM10,28.17
ST015,2026-01-02 20:00:00,PM10,
ST015,2026-01-03 00:00:00,PM10,35.43
ST015,2026-01-03 04:00:00,PM10,39.45
ST015,2026-01-03 08:00:00,PM10,13.39
ST015,2026-01-03 12:00:00,PM10,31.99
ST015,2026-01-03 16:00:00,PM10,23.63
ST015,2026-01-03 20:00:00,PM10,35.58
ST015,2026-01-04 00:00:00,PM10,21.18
ST015,2026-01-04 04:00:00,PM10,
ST015,2026-01-04 08:00:00,PM10,
ST015,2026-01-04 12:00:00,PM10,14.54
ST015,2026-01-04 16:00:00,PM10,32.53
ST015,2026-01-04 20:00:00,PM10,36.34
ST016,2026-01-01 00:00:00,PM25,17.54
ST016,2026-01-01 04:00:00,PM25,29.4
ST016,2026-01-01 08:00:00,PM25,17.88
ST016,2026-01-01 12:00:00,PM25,25.38
ST016,2026-01-01 16:00:00,PM25,27.04
ST016,2026-01-01 20:00:00,PM25,35.99
ST016,2026-01-02 00:00:00,PM25,15.69
ST016,2026-01-02 04:00:00,PM25,30.83
ST016,2026-01-02 08:00:00,PM25,21.99
ST016,2026-01-02 12:00:00,PM25,20.06
ST016,2026-01-02 16:00:00,PM25,21.79
ST016,2026-01-02 20:00:00,PM25,33.39
ST016,2026-01-03 00:00:00,PM25,23.51
ST016,2026-01-03 04:00:00,PM25,18.61
ST016,2026-01-03 08:00:00,PM25,28.62
ST016,2026-01-03 12:00:00,PM25,17.29
ST016,2026-01-03 16:00:00,PM25,22.34
ST016,2026-01-03 20:00:00,PM25,
ST016,2026-01-04 00:00:00,PM25,20.32
ST016,2026-01-04 04:00:00,PM25,18.03
ST016,2026-01-04 08:00:00,PM25,17.64
ST016,2026-01-04 12:00:00,PM25,
ST016,2026-01-04 16:00:00,PM25,20.88
ST016,2026-01-04 20:00:00,PM25,39.34
ST017,2026-01-01 00:00:00,PM25,20.34
ST017,2026-01-01 04:00:00,PM25,20.85
ST017,2026-01-01 08:00:00,PM25,
ST017,2026-01-01 12:00:00,PM25,5.37
ST017,2026-01-01 16:00:00,PM25,20.41
ST017,2026-01-01 20:00:00,PM25,24.97
ST017,2026-01-02 00:00:00,PM25,
ST017,2026-01-02 04:00:00,PM25,17.18
ST017,2026-01-02 08:00:00,PM25,17.71
ST017,2026-01-02 12:00:00,PM25,13.65
ST017,2026-01-02 16:00:00,PM25,
ST017,2026-01-02 20:00:00,PM25,21.1
ST017,2026-01-03 00:00:00,PM25,13.52
ST017,2026-01-03 04:00:00,PM25,7.37
ST017,2026-01-03 08:00:00,PM25,14.41
ST017,2026-01-03 12:00:00,PM25,7.83
ST017,2026-01-03 16:00:00,PM25,7.73
ST017,2026-01-03 20:00:00,PM25,
ST017,2026-01-04 00:00:00,PM25,17.05
ST017,2026-01-04 04:00:00,PM25,10.9
ST017,2026-01-04 08:00:00,PM25,1.0
ST017,2026-01-04 12:00:00,PM25,5.21
ST017,2026-01-04 16:00:00,PM25,8.4
ST017,2026-01-04 20:00:00,PM25,18.72
ST018,2026-01-01 00:00:00,PM25,29.75
ST018,2026-01-01 04:00:00,PM25,27.5
ST018,2026-01-01 08:00:00,PM25,26.02
ST018,2026-01-01 12:00:00,PM25,25.31
ST018,2026-01-01 16:00:00,PM25,
ST018,2026-01-01 20:00:00,PM25,24.78
ST018,2026-01-02 00:00:00,PM25,26.25
ST018,2026-01-02 04:00:00,PM25,22.91
ST018,2026-01-02 08:00:00,PM25,24.27
ST018,2026-01-02 12:00:00,PM25,20.87
ST018,2026-01-02 16:00:00,PM25,28.41
ST018,2026-01-02 20:00:00,PM25,27.71
ST018,2026-01-03 00:00:00,PM25,25.07
ST018,2026-01-03 04:00:00,PM25,20.19
ST018,2026-01-03 08:00:00,PM25,18.61
ST018,2026-01-03 12:00:00,PM25,21.75
ST018,2026-01-03 16:00:00,PM25,16.85
ST018,2026-01-03 20:00:00,PM25,29.65
ST018,2026-01-04 00:00:00,PM25,
ST018,2026-01-04 04:00:00,PM25,28.32
ST018,2026-01-04 08:00:00,PM25,27.44
ST018,2026-01-04 12:00:00,PM25,
ST018,2026-01-04 16:00:00,PM25,23.06
ST018,2026-01-04 20:00:00,PM25,32.65
ST019,2026-01-01 00:00:00,PM25,35.9
ST019,2026-01-01 04:00:00,PM25,
ST019,2026-01-01 08:00:00,PM25,25.63
ST019,2026-01-01 12:00:00,PM25,19.81
ST019,2026-01-01 16:00:00,PM25,
ST019,2026-01-01 20:00:00,PM25,34.87
ST019,2026-01-02 00:00:00,PM25,32.72
ST019,2026-01-02 04:00:00,PM25,31.38
ST019,2026-01-02 08:00:00,PM25,26.1
ST019,2026-01-02 12:00:00,PM25,15.75
ST019,2026-01-02 16:00:00,PM25,31.36
ST019,2026-01-02 20:00:00,PM25,33.88
ST019,2026-01-03 00:00:00,PM25,21.71
ST019,2026-01-03 04:00:00,PM25,30.63
ST019,2026-01-03 08:00:00,PM25,
ST019,2026-01-03 12:00:00,PM25,17.84
ST019,2026-01-03 16:00:00,PM25,
ST019,2026-01-03 20:00:00,PM25,25.68
ST019,2026-01-04 00:00:00,PM25,
ST019,2026-01-04 04:00:00,PM25,38.81
ST019,2026-01-04 08:00:00,PM25,
ST019,2026-01-04 12:00:00,PM25,22.28
ST019,2026-01-04 16:00:00,PM25,27.13
ST019,2026-01-04 20:00:00,PM25,
ST020,2026-01-01 00:00:00,PM10,26.58
ST020,2026-01-01 04:00:00,PM10,27.44
ST020,2026-01-01 08:00:00,PM10,17.88
ST020,2026-01-01 12:00:00,PM10,8.46
ST020,2026-01-01 16:00:00,PM10,29.57
ST020,2026-01-01 20:00:00,PM10,
ST020,2026-01-02 00:00:00,PM10,28.28
ST020,2026-01-02 04:00:00,PM10,19.29
ST020,2026-01-02 08:00:00,PM10,27.42
ST020,2026-01-02 12:00:00,PM10,35.85
ST020,2026-01-02 16:00:00,PM10,15.12
ST020,2026-01-02 20:00:00,PM10,28.98
ST020,2026-01-03 00:00:00,PM10,26.17
ST020,2026-01-03 04:00:00,PM10,13.75
ST020,2026-01-03 08:00:00,PM10,11.6
ST020,2026-01-03 12:00:00,PM10,16.68
ST020,2026-01-03 16:00:00,PM10,18.22
ST020,2026-01-03 20:00:00,PM10,22.31
ST020,2026-01-04 00:00:00,PM10,
ST020,2026-01-04 04:00:00,PM10,20.51
ST020,2026-01-04 08:00:00,PM10,
ST020,2026-01-04 12:00:00,PM10,11.79
ST020,2026-01-04 16:00:00,PM10,
ST020,2026-01-04 20:00:00,PM10,24.77
ST021,2026-01-01 00:00:00,PM25,31.8
ST021,2026-01-01 04:00:00,PM25,33.49
ST021,2026-01-01 08:00:00,PM25,20.22
ST021,2026-01-01 12:00:00,PM25,27.28
ST021,2026-01-01 16:00:00,PM25,27.79
ST021,2026-01-01 20:00:00,PM25,39.88
ST021,2026-01-02 00:00:00,PM25,25.36
ST021,2026-01-02 04:00:00,PM25,35.7
ST021,2026-01-02 08:00:00,PM25,22.21
ST021,2026-01-02 12:00:00,PM25,26.78
ST021,2026-01-02 16:00:00,PM25,36.97
ST021,2026-01-02 20:00:00,PM25,33.08
ST021,2026-01-03 00:00:00,PM25,23.55
ST021,2026-01-03 04:00:00,PM25,35.54
ST021,2026-01-03 08:00:00,PM25,16.58
ST021,2026-01-03 12:00:00,PM25,23.26
ST021,2026-01-03 16:00:00,PM25,30.84
ST021,2026-01-03 20:00:00,PM25,28.48
ST021,2026-01-04 00:00:00,PM25,
ST021,2026-01-04 04:00:00,PM25,25.88
ST021,2026-01-04 08:00:00,PM25,25.5
ST021,2026-01-04 12:00:00,PM25,20.3
ST021,2026-01-04 16:00:00,PM25,21.93
ST021,2026-01-04 20:00:00,PM25,34.89
ST022,2026-01-01 00:00:00,PM25,19.82
ST022,2026-01-01 04:00:00,PM25,19.65
ST022,2026-01-01 08:00:00,PM25,20.8
ST022,2026-01-01 12:00:00,PM25,13.57
ST022,2026-01-01 16:00:00,PM25,17.27
ST022,2026-01-01 20:00:00,PM25,21.62
ST022,2026-01-02 00:00:00,PM25,18.0
ST022,2026-01-02 04:00:00,PM25,22.36
ST022,2026-01-02 08:00:00,PM25,13.29
ST022,2026-01-02 12:00:00,PM25,15.28
ST022,2026-01-02 16:00:00,PM25,18.2
ST022,2026-01-02 20:00:00,PM25,18.79
ST022,2026-01-03 00:00:00,PM25,15.08
ST022,2026-01-03 04:00:00,PM25,17.19
ST022,2026-01-03 08:00:00,PM25,10.99
ST022,2026-01-03 12:00:00,PM25,6.12
ST022,2026-01-03 16:00:00,PM25,17.36
ST022,2026-01-03 20:00:00,PM25,15.27
ST022,2026-01-04 00:00:00,PM25,19.86
ST022,2026-01-04 04:00:00,PM25,21.98
ST022,2026-01-04 08:00:00,PM25,9.22
ST022,2026-01-04 12:00:00,PM25,13.66
ST022,2026-01-04 16:00:00,PM25,15.29
ST022,2026-01-04 20:00:00,PM25,9.93
ST023,2026-01-01 00:00:00,PM25,23.73
ST023,2026-01-01 04:00:00,PM25,33.53
ST023,2026-01-01 08:00:00,PM25,35.45
ST023,2026-01-01 12:00:00,PM25,26.43
ST023,2026-01-01 16:00:00,PM25,38.87
ST023,2026-01-01 20:00:00,PM25,35.68
ST023,2026-01-02 00:00:00,PM25,28.96
ST023,2026-01-02 04:00:00,PM25,30.87
ST023,2026-01-02 08:00:00,PM25,30.82
ST023,2026-01-02 12:00:00,PM25,26.05
ST023,2026-01-02 16:00:00,PM25,26.43
ST023,2026-01-02 20:00:00,PM25,
ST023,2026-01-03 00:00:00,PM25,26.4
ST023,2026-01-03 04:00:00,PM25,26.36
ST023,2026-01-03 08:00:00,PM25,28.27
ST023,2026-01-03 12:00:00,PM25,18.89
ST023,2026-01-03 16:00:00,PM25,22.4
ST023,2026-01-03 20:00:00,PM25,27.81
ST023,2026-01-04 00:00:00,PM25,
ST023,2026-01-04 04:00:00,PM25,30.55
ST023,2026-01-04 08:00:00,PM25,14.05
ST023,2026-01-04 12:00:00,PM25,
ST023,2026-01-04 16:00:00,PM25,22.55
ST023,2026-01-04 20:00:00,PM25,23.1
ST024,2026-01-01 00:00:00,PM25,26.65
ST024,2026-01-01 04:00:00,PM25,31.79
ST024,2026-01-01 08:00:00,PM25,28.96
ST024,2026-01-01 12:00:00,PM25,32.8
ST024,2026-01-01 16:00:00,PM25,27.31
ST024,2026-01-01 20:00:00,PM25,32.35
ST024,2026-01-02 00:00:00,PM25,37.26
ST024,2026-01-02 04:00:00,PM25,39.09
ST024,2026-01-02 08:00:00,PM25,29.9
ST024,2026-01-02 12:00:00,PM25,29.78
ST024,2026-01-02 16:00:00,PM25,
ST024,2026-01-02 20:00:00,PM25,40.66
ST024,2026-01-03 00:00:00,PM25,33.15
ST024,2026-01-03 04:00:00,PM25,32.64
ST024,2026-01-03 08:00:00,PM25,29.22
ST024,2026-01-03 12:00:00,PM25,21.37
ST024,2026-01-03 16:00:00,PM25,33.33
ST024,2026-01-03 20:00:00,PM25,32.53
ST024,2026-01-04 00:00:00,PM25,30.77
ST024,2026-01-04 04:00:00,PM25,42.89
ST024,2026-01-04 08:00:00,PM25,23.66
ST024,2026-01-04 12:00:00,PM25,
ST024,2026-01-04 16:00:00,PM25,
ST024,2026-01-04 20:00:00,PM25,31.49
ST025,2026-01-01 00:00:00,PM10,54.12
ST025,2026-01-01 04:00:00,PM10,49.44
ST025,2026-01-01 08:00:00,PM10,
ST025,2026-01-01 12:00:00,PM10,37.55
ST025,2026-01-01 16:00:00,PM10,48.22
ST025,2026-01-01 20:00:00,PM10,50.53
ST025,2026-01-02 00:00:00,PM10,40.01
ST025,2026-01-02 04:00:00,PM10,52.23
ST025,2026-01-02 08:00:00,PM10,43.45
ST025,2026-01-02 12:00:00,PM10,31.33
ST025,2026-01-02 16:00:00,PM10,55.2
ST025,2026-01-02 20:00:00,PM10,54.07
ST025,2026-01-03 00:00:00,PM10,38.14
ST025,2026-01-03 04:00:00,PM10,55.06
ST025,2026-01-03 08:00:00,PM10,36.67
ST025,2026-01-03 12:00:00,PM10,24.91
ST025,2026-01-03 16:00:00,PM10,42.77
ST025,2026-01-03 20:00:00,PM10,
ST025,2026-01-04 00:00:00,PM10,43.13
ST025,2026-01-04 04:00:00,PM10,42.73
ST025,2026-01-04 08:00:00,PM10,37.28
ST025,2026-01-04 12:00:00,PM10,39.56
ST025,2026-01-04 16:00:00,PM10,44.53
ST025,2026-01-04 20:00:00,PM10,45.95
ST026,2026-01-01 00:00:00,PM25,28.41
ST026,2026-01-01 04:00:00,PM25,32.05
ST026,2026-01-01 08:00:00,PM25,23.06
ST026,2026-01-01 12:00:00,PM25,19.37
ST026,2026-01-01 16:00:00,PM25,21.45
ST026,2026-01-01 20:00:00,PM25,26.89
ST026,2026-01-02 00:00:00,PM25,28.6
ST026,2026-01-02 04:00:00,PM25,26.32
ST026,2026-01-02 08:00:00,PM25,19.33
ST026,2026-01-02 12:00:00,PM25,19.14
ST026,2026-01-02 16:00:00,PM25,22.33
ST026,2026-01-02 20:00:00,PM25,29.58
ST026,2026-01-03 00:00:00,PM25,25.35
ST026,2026-01-03 04:00:00,PM25,19.27
ST026,2026-01-03 08:00:00,PM25,16.18
ST026,2026-01-03 12:00:00,PM25,19.51
ST026,2026-01-03 16:00:00,PM25,18.41
ST026,2026-01-03 20:00:00,PM25,25.41
ST026,2026-01-04 00:00:00,PM25,27.04
ST026,2026-01-04 04:00:00,PM25,21.25
ST026,2026-01-04 08:00:00,PM25,
ST026,2026-01-04 12:00:00,PM25,19.33
ST026,2026-01-04 16:00:00,PM25,18.54
ST026,2026-01-04 20:00:00,PM25,28.72
ST027,2026-01-01 00:00:00,PM25,29.74
ST027,2026-01-01 04:00:00,PM25,21.88
ST027,2026-01-01 08:00:00,PM25,24.79
ST027,2026-01-01 12:00:00,PM25,12.88
ST027,2026-01-01 16:00:00,PM25,17.86
ST027,2026-01-01 20:00:00,PM25,29.17
ST027,2026-01-02 00:00:00,PM25,32.86
ST027,2026-01-02 04:00:00,PM25,20.88
ST027,2026-01-02 08:00:00,PM25,
ST027,2026-01-02 12:00:00,PM25,3.28
ST027,2026-01-02 16:00:00,PM25,17.84
ST027,2026-01-02 20:00:00,PM25,26.68
ST027,2026-01-03 00:00:00,PM25,15.76
ST027,2026-01-03 04:00:00,PM25,12.91
ST027,2026-01-03 08:00:00,PM25,18.28
ST027,2026-01-03 12:00:00,PM25,8.57
ST027,2026-01-03 16:00:00,PM25,
ST027,2026-01-03 20:00:00,PM25,14.81
ST027,2026-01-04 00:00:00,PM25,21.41
ST027,2026-01-04 04:00:00,PM25,20.38
ST027,2026-01-04 08:00:00,PM25,6.46
ST027,2026-01-04 12:00:00,PM25,1.0
ST027,2026-01-04 16:00:00,PM25,19.27
ST027,2026-01-04 20:00:00,PM25,20.12
ST028,2026-01-01 00:00:00,PM25,24.23
ST028,2026-01-01 04:00:00,PM25,
ST028,2026-01-01 08:00:00,PM25,18.14
ST028,2026-01-01 12:00:00,PM25,14.97
ST028,2026-01-01 16:00:00,PM25,25.97
ST028,2026-01-01 20:00:00,PM25,28.83
ST028,2026-01-02 00:00:00,PM25,
ST028,2026-01-02 04:00:00,PM25,32.63
ST028,2026-01-02 08:00:00,PM25,
ST028,2026-01-02 12:00:00,PM25,25.47
ST028,2026-01-02 16:00:00,PM25,20.66
ST028,2026-01-02 20:00:00,PM25,36.68
ST028,2026-01-03 00:00:00,PM25,14.85
ST028,2026-01-03 04:00:00,PM25,
ST028,2026-01-03 08:00:00,PM25,21.69
ST028,2026-01-03 12:00:00,PM25,22.73
ST028,2026-01-03 16:00:00,PM25,27.98
ST028,2026-01-03 20:00:00,PM25,24.53
ST028,2026-01-04 00:00:00,PM25,23.93
ST028,2026-01-04 04:00:00,PM25,20.41
ST028,2026-01-04 08:00:00,PM25,
ST028,2026-01-04 12:00:00,PM25,22.08
ST028,2026-01-04 16:00:00,PM25,14.79
ST028,2026-01-04 20:00:00,PM25,29.49
ST029,2026-01-01 00:00:00,PM25,33.83
ST029,2026-01-01 04:00:00,PM25,35.09
ST029,2026-01-01 08:00:00,PM25,20.65
ST029,2026-01-01 12:00:00,PM25,23.6
ST029,2026-01-01 16:00:00,PM25,22.11
ST029,2026-01-01 20:00:00,PM25,26.4
ST029,2026-01-02 00:00:00,PM25,29.71
ST029,2026-01-02 04:00:00,PM25,23.86
ST029,2026-01-02 08:00:00,PM25,23.95
ST029,2026-01-02 12:00:00,PM25,14.22
ST029,2026-01-02 16:00:00,PM25,23.88
ST029,2026-01-02 20:00:00,PM25,35.89
ST029,2026-01-03 00:00:00,PM25,25.36
ST029,2026-01-03 04:00:00,PM25,25.58
ST029,2026-01-03 08:00:00,PM25,20.73
ST029,2026-01-03 12:00:00,PM25,17.1
ST029,2026-01-03 16:00:00,PM25,14.41
ST029,2026-01-03 20:00:00,PM25,35.42
ST029,2026-01-04 00:00:00,PM25,23.96
ST029,2026-01-04 04:00:00,PM25,16.37
ST029,2026-01-04 08:00:00,PM25,28.11
ST029,2026-01-04 12:00:00,PM25,17.41
ST029,2026-01-04 16:00:00,PM25,24.7
ST029,2026-01-04 20:00:00,PM25,27.92
ST030,2026-01-01 00:00:00,PM10,38.76
ST030,2026-01-01 04:00:00,PM10,51.27
ST030,2026-01-01 08:00:00,PM10,54.88
ST030,2026-01-01 12:00:00,PM10,50.32
ST030,2026-01-01 16:00:00,PM10,41.15
ST030,2026-01-01 20:00:00,PM10,57.81
ST030,2026-01-02 00:00:00,PM10,40.64
ST030,2026-01-02 04:00:00,PM10,44.12
ST030,2026-01-02 08:00:00,PM10,46.18
ST030,2026-01-02 12:00:00,PM10,38.97
ST030,2026-01-02 16:00:00,PM10,49.3
ST030,2026-01-02 20:00:00,PM10,54.9
ST030,2026-01-03 00:00:00,PM10,35.3
ST030,2026-01-03 04:00:00,PM10,40.87
ST030,2026-01-03 08:00:00,PM10,42.21
ST030,2026-01-03 12:00:00,PM10,34.22
ST030,2026-01-03 16:00:00,PM10,43.94
ST030,2026-01-03 20:00:00,PM10,47.55
ST030,2026-01-04 00:00:00,PM10,
ST030,2026-01-04 04:00:00,PM10,54.09
ST030,2026-01-04 08:00:00,PM10,45.62
ST030,2026-01-04 12:00:00,PM10,
ST030,2026-01-04 16:00:00,PM10,39.15
ST030,2026-01-04 20:00:00,PM10,54.79
ST031,2026-01-01 00:00:00,PM25,
ST031,2026-01-01 04:00:00,PM25,35.24
ST031,2026-01-01 08:00:00,PM25,31.63
ST031,2026-01-01 12:00:00,PM25,28.14
ST031,2026-01-01 16:00:00,PM25,31.65
ST031,2026-01-01 20:00:00,PM25,37.14
ST031,2026-01-02 00:00:00,PM25,22.45
ST031,2026-01-02 04:00:00,PM25,32.41
ST031,2026-01-02 08:00:00,PM25,41.89
ST031,2026-01-02 12:00:00,PM25,25.36
ST031,2026-01-02 16:00:00,PM25,21.1
ST031,2026-01-02 20:00:00,PM25,32.7
ST031,2026-01-03 00:00:00,PM25,16.37
ST031,2026-01-03 04:00:00,PM25,29.3
ST031,2026-01-03 08:00:00,PM25,30.16
ST031,2026-01-03 12:00:00,PM25,23.47
ST031,2026-01-03 16:00:00,PM25,24.17
ST031,2026-01-03 20:00:00,PM25,32.37
ST031,2026-01-04 00:00:00,PM25,27.05
ST031,2026-01-04 04:00:00,PM25,25.71
ST031,2026-01-04 08:00:00,PM25,22.02
ST031,2026-01-04 12:00:00,PM25,23.37
ST031,2026-01-04 16:00:00,PM25,18.71
ST031,2026-01-04 20:00:00,PM25,31.55
ST032,2026-01-01 00:00:00,PM25,28.57
ST032,2026-01-01 04:00:00,PM25,36.0
ST032,2026-01-01 08:00:00,PM25,31.44
ST032,2026-01-01 12:00:00,PM25,
ST032,2026-01-01 16:00:00,PM25,37.09
ST032,2026-01-01 20:00:00,PM25,36.7
ST032,2026-01-02 00:00:00,PM25,24.55
ST032,2026-01-02 04:00:00,PM25,36.7
ST032,2026-01-02 08:00:00,PM25,39.15
ST032,2026-01-02 12:00:00,PM25,29.71
ST032,2026-01-02 16:00:00,PM25,27.98
ST032,2026-01-02 20:00:00,PM25,45.9
ST032,2026-01-03 00:00:00,PM25,28.76
ST032,2026-01-03 04:00:00,PM25,33.69
ST032,2026-01-03 08:00:00,PM25,24.22
ST032,2026-01-03 12:00:00,PM25,29.26
ST032,2026-01-03 16:00:00,PM25,24.41
ST032,2026-01-03 20:00:00,PM25,40.89
ST032,2026-01-04 00:00:00,PM25,
ST032,2026-01-04 04:00:00,PM25,34.45
ST032,2026-01-04 08:00:00,PM25,29.63
ST032,2026-01-04 12:00:00,PM25,23.47
ST032,2026-01-04 16:00:00,PM25,29.0
ST032,2026-01-04 20:00:00,PM25,31.11
ST033,2026-01-01 00:00:00,PM25,21.71
ST033,2026-01-01 04:00:00,PM25,20.7
ST033,2026-01-01 08:00:00,PM25,
ST033,2026-01-01 12:00:00,PM25,
ST033,2026-01-01 16:00:00,PM25,17.94
ST033,2026-01-01 20:00:00,PM25,21.97
ST033,2026-01-02 00:00:00,PM25,21.03
ST033,2026-01-02 04:00:00,PM25,19.6
ST033,2026-01-02 08:00:00,PM25,14.45
ST033,2026-01-02 12:00:00,PM25,14.44
ST033,2026-01-02 16:00:00,PM25,13.85
ST033,2026-01-02 20:00:00,PM25,23.86
ST033,2026-01-03 00:00:00,PM25,24.0
ST033,2026-01-03 04:00:00,PM25,15.71
ST033,2026-01-03 08:00:00,PM25,26.3
ST033,2026-01-03 12:00:00,PM25,14.68
ST033,2026-01-03 16:00:00,PM25,14.93
ST033,2026-01-03 20:00:00,PM25,23.38
ST033,2026-01-04 00:00:00,PM25,7.71
ST033,2026-01-04 04:00:00,PM25,16.15
ST033,2026-01-04 08:00:00,PM25,10.87
ST033,2026-01-04 12:00:00,PM25,19.81
ST033,2026-01-04 16:00:00,PM25,12.81
ST033,2026-01-04 20:00:00,PM25,20.05
ST034,2026-01-01 00:00:00,PM25,19.14
ST034,2026-01-01 04:00:00,PM25,20.28
ST034,2026-01-01 08:00:00,PM25,14.84
ST034,2026-01-01 12:00:00,PM25,15.47
ST034,2026-01-01 16:00:00,PM25,15.06
ST034,2026-01-01 20:00:00,PM25,21.07
ST034,2026-01-02 00:00:00,PM25,14.73
ST034,2026-01-02 04:00:00,PM25,24.87
ST034,2026-01-02 08:00:00,PM25,18.89
ST034,2026-01-02 12:00:00,PM25,23.86
ST034,2026-01-02 16:00:00,PM25,13.24
ST034,2026-01-02 20:00:00,PM25,19.37
ST034,2026-01-03 00:00:00,PM25,
ST034,2026-01-03 04:00:00,PM25,11.16
ST034,2026-01-03 08:00:00,PM25,10.63
ST034,2026-01-03 12:00:00,PM25,12.9
ST034,2026-01-03 16:00:00,PM25,17.07
ST034,2026-01-03 20:00:00,PM25,15.33
ST034,2026-01-04 00:00:00,PM25,21.55
ST034,2026-01-04 04:00:00,PM25,20.78
ST034,2026-01-04 08:00:00,PM25,17.9
ST034,2026-01-04 12:00:00,PM25,15.07
ST034,2026-01-04 16:00:00,PM25,14.54
ST034,2026-01-04 20:00:00,PM25,15.26
ST035,2026-01-01 00:00:00,PM10,41.87
ST035,2026-01-01 04:00:00,PM10,
ST035,2026-01-01 08:00:00,PM10,24.86
ST035,2026-01-01 12:00:00,PM10,24.71
ST035,2026-01-01 16:00:00,PM10,16.74
ST035,2026-01-01 20:00:00,PM10,42.02
ST035,2026-01-02 00:00:00,PM10,28.74
ST035,2026-01-02 04:00:00,PM10,28.93
ST035,2026-01-02 08:00:00,PM10,22.95
ST035,2026-01-02 12:00:00,PM10,25.39
ST035,2026-01-02 16:00:00,PM10,20.77
ST035,2026-01-02 20:00:00,PM10,35.71
ST035,2026-01-03 00:00:00,PM10,29.47
ST035,2026-01-03 04:00:00,PM10,28.28
ST035,2026-01-03 08:00:00,PM10,34.18
ST035,2026-01-03 12:00:00,PM10,
ST035,2026-01-03 16:00:00,PM10,18.7
ST035,2026-01-03 20:00:00,PM10,28.14
ST035,2026-01-04 00:00:00,PM10,23.55
ST035,2026-01-04 04:00:00,PM10,21.99
ST035,2026-01-04 08:00:00,PM10,28.76
ST035,2026-01-04 12:00:00,PM10,17.96
ST035,2026-01-04 16:00:00,PM10,24.75
ST035,2026-01-04 20:00:00,PM10,33.57
ST036,2026-01-01 00:00:00,PM25,24.16
ST036,2026-01-01 04:00:00,PM25,33.32
ST036,2026-01-01 08:00:00,PM25,25.52
ST036,2026-01-01 12:00:00,PM25,26.0
ST036,2026-01-01 16:00:00,PM25,
ST036,2026-01-01 20:00:00,PM25,36.27
ST036,2026-01-02 00:00:00,PM25,30.86
ST036,2026-01-02 04:00:00,PM25,31.88
ST036,2026-01-02 08:00:00,PM25,21.36
ST036,2026-01-02 12:00:00,PM25,24.74
ST036,2026-01-02 16:00:00,PM25,28.48
ST036,2026-01-02 20:00:00,PM25,33.64
ST036,2026-01-03 00:00:00,PM25,24.22
ST036,2026-01-03 04:00:00,PM25,24.13
ST036,2026-01-03 08:00:00,PM25,11.2
ST036,2026-01-03 12:00:00,PM25,16.73
ST036,2026-01-03 16:00:00,PM25,28.29
ST036,2026-01-03 20:00:00,PM25,32.2
ST036,2026-01-04 00:00:00,PM25,14.65
ST036,2026-01-04 04:00:00,PM25,28.16
ST036,2026-01-04 08:00:00,PM25,19.64
ST036,2026-01-04 12:00:00,PM25,22.61
ST036,2026-01-04 16:00:00,PM25,25.3
ST036,2026-01-04 20:00:00,PM25,26.75
ST037,2026-01-01 00:00:00,PM25,25.44
ST037,2026-01-01 04:00:00,PM25,21.7
ST037,2026-01-01 08:00:00,PM25,30.61
ST037,2026-01-01 12:00:00,PM25,22.28
ST037,2026-01-01 16:00:00,PM25,21.54
ST037,2026-01-01 20:00:00,PM25,39.23
ST037,2026-01-02 00:00:00,PM25,25.7
ST037,2026-01-02 04:00:00,PM25,32.36
ST037,2026-01-02 08:00:00,PM25,
ST037,2026-01-02 12:00:00,PM25,18.98
ST037,2026-01-02 16:00:00,PM25,33.29
ST037,2026-01-02 20:00:00,PM25,32.61
ST037,2026-01-03 00:00:00,PM25,
ST037,2026-01-03 04:00:00,PM25,29.88
ST037,2026-01-03 08:00:00,PM25,9.97
ST037,2026-01-03 12:00:00,PM25,19.86
ST037,2026-01-03 16:00:00,PM25,23.03
ST037,2026-01-03 20:00:00,PM25,25.0
ST037,2026-01-04 00:00:00,PM25,17.38
ST037,2026-01-04 04:00:00,PM25,
ST037,2026-01-04 08:00:00,PM25,20.03
ST037,2026-01-04 12:00:00,PM25,14.55
ST037,2026-01-04 16:00:00,PM25,21.64
ST037,2026-01-04 20:00:00,PM25,25.97
ST038,2026-01-01 00:00:00,PM25,19.77
ST038,2026-01-01 04:00:00,PM25,16.45
ST038,2026-01-01 08:00:00,PM25,14.81
ST038,2026-01-01 12:00:00,PM25,13.19
ST038,2026-01-01 16:00:00,PM25,15.28
ST038,2026-01-01 20:00:00,PM25,
ST038,2026-01-02 00:00:00,PM25,14.65
ST038,2026-01-02 04:00:00,PM25,17.46
ST038,2026-01-02 08:00:00,PM25,7.93
ST038,2026-01-02 12:00:00,PM25,
ST038,2026-01-02 16:00:00,PM25,18.08
ST038,2026-01-02 20:00:00,PM25,17.45
ST038,2026-01-03 00:00:00,PM25,16.21
ST038,2026-01-03 04:00:00,PM25,8.42
ST038,2026-01-03 08:00:00,PM25,
ST038,2026-01-03 12:00:00,PM25,8.65
ST038,2026-01-03 16:00:00,PM25,7.13
ST038,2026-01-03 20:00:00,PM25,14.56
ST038,2026-01-04 00:00:00,PM25,
ST038,2026-01-04 04:00:00,PM25,7.85
ST038,2026-01-04 08:00:00,PM25,16.91
ST038,2026-01-04 12:00:00,PM25,
ST038,2026-01-04 16:00:00,PM25,
ST038,2026-01-04 20:00:00,PM25,18.6
ST039,2026-01-01 00:00:00,PM25,23.16
ST039,2026-01-01 04:00:00,PM25,29.83
ST039,2026-01-01 08:00:00,PM25,18.79
ST039,2026-01-01 12:00:00,PM25,17.62
ST039,2026-01-01 16:00:00,PM25,23.78
ST039,2026-01-01 20:00:00,PM25,36.13
ST039,2026-01-02 00:00:00,PM25,26.83
ST039,2026-01-02 04:00:00,PM25,19.06
ST039,2026-01-02 08:00:00,PM25,19.4
ST039,2026-01-02 12:00:00,PM25,18.04
ST039,2026-01-02 16:00:00,PM25,25.53
ST039,2026-01-02 20:00:00,PM25,32.66
ST039,2026-01-03 00:00:00,PM25,18.05
ST039,2026-01-03 04:00:00,PM25,16.01
ST039,2026-01-03 08:00:00,PM25,
ST039,2026-01-03 12:00:00,PM25,19.19
ST039,2026-01-03 16:00:00,PM25,24.85
ST039,2026-01-03 20:00:00,PM25,23.57
ST039,2026-01-04 00:00:00,PM25,24.21
ST039,2026-01-04 04:00:00,PM25,16.55
ST039,2026-01-04 08:00:00,PM25,15.29
ST039,2026-01-04 12:00:00,PM25,11.98
ST039,2026-01-04 16:00:00,PM25,19.41
ST039,2026-01-04 20:00:00,PM25,
ST040,2026-01-01 00:00:00,PM10,200.12
ST040,2026-01-01 04:00:00,PM10,161.46
ST040,2026-01-01 08:00:00,PM10,168.41
ST040,2026-01-01 12:00:00,PM10,166.18
ST040,2026-01-01 16:00:00,PM10,175.15
ST040,2026-01-01 20:00:00,PM10,212.24
ST040,2026-01-02 00:00:00,PM10,176.36
ST040,2026-01-02 04:00:00,PM10,170.27
ST040,2026-01-02 08:00:00,PM10,157.23
ST040,2026-01-02 12:00:00,PM10,170.67
ST040,2026-01-02 16:00:00,PM10,189.36
ST040,2026-01-02 20:00:00,PM10,199.03
ST040,2026-01-03 00:00:00,PM10,175.64
ST040,2026-01-03 04:00:00,PM10,
ST040,2026-01-03 08:00:00,PM10,146.02
ST040,2026-01-03 12:00:00,PM10,141.87
ST040,2026-01-03 16:00:00,PM10,176.94
ST040,2026-01-03 20:00:00,PM10,176.93
ST040,2026-01-04 00:00:00,PM10,168.56
ST040,2026-01-04 04:00:00,PM10,160.46
ST040,2026-01-04 08:00:00,PM10,122.82
ST040,2026-01-04 12:00:00,PM10,146.34
ST040,2026-01-04 16:00:00,PM10,165.97
ST040,2026-01-04 20:00:00,PM10,188.5
ST041,2026-01-01 00:00:00,PM25,21.47
ST041,2026-01-01 04:00:00,PM25,17.1
ST041,2026-01-01 08:00:00,PM25,17.34
ST041,2026-01-01 12:00:00,PM25,16.89
ST041,2026-01-01 16:00:00,PM25,27.72
ST041,2026-01-01 20:00:00,PM25,21.12
ST041,2026-01-02 00:00:00,PM25,
ST041,2026-01-02 04:00:00,PM25,21.86
ST041,2026-01-02 08:00:00,PM25,10.17
ST041,2026-01-02 12:00:00,PM25,12.92
ST041,2026-01-02 16:00:00,PM25,20.79
ST041,2026-01-02 20:00:00,PM25,28.01
ST041,2026-01-03 00:00:00,PM25,19.29
ST041,2026-01-03 04:00:00,PM25,21.76
ST041,2026-01-03 08:00:00,PM25,17.54
ST041,2026-01-03 12:00:00,PM25,19.53
ST041,2026-01-03 16:00:00,PM25,17.21
ST041,2026-01-03 20:00:00,PM25,24.31
ST041,2026-01-04 00:00:00,PM25,24.2
ST041,2026-01-04 04:00:00,PM25,20.08
ST041,2026-01-04 08:00:00,PM25,9.65
ST041,2026-01-04 12:00:00,PM25,11.19
ST041,2026-01-04 16:00:00,PM25,13.46
ST041,2026-01-04 20:00:00,PM25,
ST042,2026-01-01 00:00:00,PM25,32.26
ST042,2026-01-01 04:00:00,PM25,35.31
ST042,2026-01-01 08:00:00,PM25,27.05
ST042,2026-01-01 12:00:00,PM25,25.22
ST042,2026-01-01 16:00:00,PM25,27.82
ST042,2026-01-01 20:00:00,PM25,26.96
ST042,2026-01-02 00:00:00,PM25,18.02
ST042,2026-01-02 04:00:00,PM25,30.49
ST042,2026-01-02 08:00:00,PM25,28.52
ST042,2026-01-02 12:00:00,PM25,33.62
ST042,2026-01-02 16:00:00,PM25,38.05
ST042,2026-01-02 20:00:00,PM25,38.9
ST042,2026-01-03 00:00:00,PM25,28.12
ST042,2026-01-03 04:00:00,PM25,36.76
ST042,2026-01-03 08:00:00,PM25,29.52
ST042,2026-01-03 12:00:00,PM25,27.44
ST042,2026-01-03 16:00:00,PM25,30.7
ST042,2026-01-03 20:00:00,PM25,30.84
ST042,2026-01-04 00:00:00,PM25,28.73
ST042,2026-01-04 04:00:00,PM25,30.25
ST042,2026-01-04 08:00:00,PM25,25.45
ST042,2026-01-04 12:00:00,PM25,21.25
ST042,2026-01-04 16:00:00,PM25,31.91
ST042,2026-01-04 20:00:00,PM25,33.28
ST043,2026-01-01 00:00:00,PM25,31.66
ST043,2026-01-01 04:00:00,PM25,33.42
ST043,2026-01-01 08:00:00,PM25,22.79
ST043,2026-01-01 12:00:00,PM25,22.99
ST043,2026-01-01 16:00:00,PM25,26.73
ST043,2026-01-01 20:00:00,PM25,32.64
ST043,2026-01-02 00:00:00,PM25,27.45
ST043,2026-01-02 04:00:00,PM25,23.75
ST043,2026-01-02 08:00:00,PM25,30.67
ST043,2026-01-02 12:00:00,PM25,29.56
ST043,2026-01-02 16:00:00,PM25,28.29
ST043,2026-01-02 20:00:00,PM25,27.83
ST043,2026-01-03 00:00:00,PM25,34.4
ST043,2026-01-03 04:00:00,PM25,25.26
ST043,2026-01-03 08:00:00,PM25,20.05
ST043,2026-01-03 12:00:00,PM25,21.92
ST043,2026-01-03 16:00:00,PM25,23.93
ST043,2026-01-03 20:00:00,PM25,37.02
ST043,2026-01-04 00:00:00,PM25,20.26
ST043,2026-01-04 04:00:00,PM25,34.7
ST043,2026-01-04 08:00:00,PM25,23.05
ST043,2026-01-04 12:00:00,PM25,16.23
ST043,2026-01-04 16:00:00,PM25,19.67
ST043,2026-01-04 20:00:00,PM25,
ST044,2026-01-01 00:00:00,PM25,23.14
ST044,2026-01-01 04:00:00,PM25,23.44
ST044,2026-01-01 08:00:00,PM25,
ST044,2026-01-01 12:00:00,PM25,17.92
ST044,2026-01-01 16:00:00,PM25,15.2
ST044,2026-01-01 20:00:00,PM25,25.66
ST044,2026-01-02 00:00:00,PM25,23.04
ST044,2026-01-02 04:00:00,PM25,18.58
ST044,2026-01-02 08:00:00,PM25,5.41
ST044,2026-01-02 12:00:00,PM25,14.39
ST044,2026-01-02 16:00:00,PM25,5.29
ST044,2026-01-02 20:00:00,PM25,18.16
ST044,2026-01-03 00:00:00,PM25,15.16
ST044,2026-01-03 04:00:00,PM25,25.03
ST044,2026-01-03 08:00:00,PM25,14.02
ST044,2026-01-03 12:00:00,PM25,10.92
ST044,2026-01-03 16:00:00,PM25,18.39
ST044,2026-01-03 20:00:00,PM25,17.15
ST044,2026-01-04 00:00:00,PM25,15.43
ST044,2026-01-04 04:00:00,PM25,21.49
ST044,2026-01-04 08:00:00,PM25,14.43
ST044,2026-01-04 12:00:00,PM25,15.9
ST044,2026-01-04 16:00:00,PM25,10.69
ST044,2026-01-04 20:00:00,PM25,26.64
ST045,2026-01-01 00:00:00,PM10,50.01
ST045,2026-01-01 04:00:00,PM10,
ST045,2026-01-01 08:00:00,PM10,48.51
ST045,2026-01-01 12:00:00,PM10,47.27
ST045,2026-01-01 16:00:00,PM10,58.49
ST045,2026-01-01 20:00:00,PM10,51.82
ST045,2026-01-02 00:00:00,PM10,47.6
ST045,2026-01-02 04:00:00,PM10,59.94
ST045,2026-01-02 08:00:00,PM10,
ST045,2026-01-02 12:00:00,PM10,53.53
ST045,2026-01-02 16:00:00,PM10,46.76
ST045,2026-01-02 20:00:00,PM10,49.09
ST045,2026-01-03 00:00:00,PM10,49.37
ST045,2026-01-03 04:00:00,PM10,
ST045,2026-01-03 08:00:00,PM10,
ST045,2026-01-03 12:00:00,PM10,39.39
ST045,2026-01-03 16:00:00,PM10,51.52
ST045,2026-01-03 20:00:00,PM10,61.14
ST045,2026-01-04 00:00:00,PM10,55.27
ST045,2026-01-04 04:00:00,PM10,56.3
ST045,2026-01-04 08:00:00,PM10,47.0
ST045,2026-01-04 12:00:00,PM10,37.79
ST045,2026-01-04 16:00:00,PM10,48.89
ST045,2026-01-04 20:00:00,PM10,50.09
ST046,2026-01-01 00:00:00,PM25,33.1
ST046,2026-01-01 04:00:00,PM25,32.6
ST046,2026-01-01 08:00:00,PM25,27.9
ST046,2026-01-01 12:00:00,PM25,30.37
ST046,2026-01-01 16:00:00,PM25,
ST046,2026-01-01 20:00:00,PM25,34.28
ST046,2026-01-02 00:00:00,PM25,35.64
ST046,2026-01-02 04:00:00,PM25,39.86
ST046,2026-01-02 08:00:00,PM25,30.89
ST046,2026-01-02 12:00:00,PM25,28.66
ST046,2026-01-02 16:00:00,PM25,27.93
ST046,2026-01-02 20:00:00,PM25,39.7
ST046,2026-01-03 00:00:00,PM25,27.6
ST046,2026-01-03 04:00:00,PM25,
ST046,2026-01-03 08:00:00,PM25,35.04
ST046,2026-01-03 12:00:00,PM25,24.84
ST046,2026-01-03 16:00:00,PM25,29.15
ST046,2026-01-03 20:00:00,PM25,24.61
ST046,2026-01-04 00:00:00,PM25,22.71
ST046,2026-01-04 04:00:00,PM25,32.26
ST046,2026-01-04 08:00:00,PM25,27.26
ST046,2026-01-04 12:00:00,PM25,24.65
ST046,2026-01-04 16:00:00,PM25,
ST046,2026-01-04 20:00:00,PM25,33.52
ST047,2026-01-01 00:00:00,PM25,11.92
ST047,2026-01-01 04:00:00,PM25,18.96
ST047,2026-01-01 08:00:00,PM25,18.48
ST047,2026-01-01 12:00:00,PM25,22.77
ST047,2026-01-01 16:00:00,PM25,
ST047,2026-01-01 20:00:00,PM25,29.89
ST047,2026-01-02 00:00:00,PM25,11.28
ST047,2026-01-02 04:00:00,PM25,22.91
ST047,2026-01-02 08:00:00,PM25,19.04
ST047,2026-01-02 12:00:00,PM25,
ST047,2026-01-02 16:00:00,PM25,
ST047,2026-01-02 20:00:00,PM25,15.81
ST047,2026-01-03 00:00:00,PM25,19.34
ST047,2026-01-03 04:00:00,PM25,19.09
ST047,2026-01-03 08:00:00,PM25,
ST047,2026-01-03 12:00:00,PM25,5.19
ST047,2026-01-03 16:00:00,PM25,6.86
ST047,2026-01-03 20:00:00,PM25,19.96
ST047,2026-01-04 00:00:00,PM25,21.37
ST047,2026-01-04 04:00:00,PM25,22.62
ST047,2026-01-04 08:00:00,PM25,
ST047,2026-01-04 12:00:00,PM25,15.07
ST047,2026-01-04 16:00:00,PM25,8.29
ST047,2026-01-04 20:00:00,PM25,18.18
ST048,2026-01-01 00:00:00,PM25,25.3
ST048,2026-01-01 04:00:00,PM25,24.88
ST048,2026-01-01 08:00:00,PM25,13.28
ST048,2026-01-01 12:00:00,PM25,18.79
ST048,2026-01-01 16:00:00,PM25,13.81
ST048,2026-01-01 20:00:00,PM25,22.83
ST048,2026-01-02 00:00:00,PM25,14.16
ST048,2026-01-02 04:00:00,PM25,17.81
ST048,2026-01-02 08:00:00,PM25,20.49
ST048,2026-01-02 12:00:00,PM25,8.66
ST048,2026-01-02 16:00:00,PM25,18.77
ST048,2026-01-02 20:00:00,PM25,17.37
ST048,2026-01-03 00:00:00,PM25,16.93
ST048,2026-01-03 04:00:00,PM25,12.81
ST048,2026-01-03 08:00:00,PM25,16.37
ST048,2026-01-03 12:00:00,PM25,
ST048,2026-01-03 16:00:00,PM25,16.03
ST048,2026-01-03 20:00:00,PM25,22.9
ST048,2026-01-04 00:00:00,PM25,17.31
ST048,2026-01-04 04:00:00,PM25,24.12
ST048,2026-01-04 08:00:00,PM25,16.03
ST048,2026-01-04 12:00:00,PM25,9.16
ST048,2026-01-04 16:00:00,PM25,14.39
ST048,2026-01-04 20:00:00,PM25,17.95
ST049,2026-01-01 00:00:00,PM25,33.21
ST049,2026-01-01 04:00:00,PM25,35.85
ST049,2026-01-01 08:00:00,PM25,31.17
ST049,2026-01-01 12:00:00,PM25,21.98
ST049,2026-01-01 16:00:00,PM25,27.28
ST049,2026-01-01 20:00:00,PM25,
ST049,2026-01-02 00:00:00,PM25,24.67
ST049,2026-01-02 04:00:00,PM25,
ST049,2026-01-02 08:00:00,PM25,25.15
ST049,2026-01-02 12:00:00,PM25,29.34
ST049,2026-01-02 16:00:00,PM25,35.59
ST049,2026-01-02 20:00:00,PM25,25.46
ST049,2026-01-03 00:00:00,PM25,25.61
ST049,2026-01-03 04:00:00,PM25,
ST049,2026-01-03 08:00:00,PM25,19.42
ST049,2026-01-03 12:00:00,PM25,17.75
ST049,2026-01-03 16:00:00,PM25,20.27
ST049,2026-01-03 20:00:00,PM25,33.34
ST049,2026-01-04 00:00:00,PM25,24.91
ST049,2026-01-04 04:00:00,PM25,18.44
ST049,2026-01-04 08:00:00,PM25,26.98
ST049,2026-01-04 12:00:00,PM25,12.34
ST049,2026-01-04 16:00:00,PM25,25.77
ST049,2026-01-04 20:00:00,PM25,31.83
ST050,2026-01-01 00:00:00,PM10,32.22
ST050,2026-01-01 04:00:00,PM10,
ST050,2026-01-01 08:00:00,PM10,
ST050,2026-01-01 12:00:00,PM10,37.74
ST050,2026-01-01 16:00:00,PM10,42.11
ST050,2026-01-01 20:00:00,PM10,38.96
ST050,2026-01-02 00:00:00,PM10,46.74
ST050,2026-01-02 04:00:00,PM10,42.34
ST050,2026-01-02 08:00:00,PM10,
ST050,2026-01-02 12:00:00,PM10,33.38
ST050,2026-01-02 16:00:00,PM10,36.32
ST050,2026-01-02 20:00:00,PM10,45.73
ST050,2026-01-03 00:00:00,PM10,33.18
ST050,2026-01-03 04:00:00,PM10,44.73
ST050,2026-01-03 08:00:00,PM10,36.47
ST050,2026-01-03 12:00:00,PM10,22.78
ST050,2026-01-03 16:00:00,PM10,
ST050,2026-01-03 20:00:00,PM10,42.04
ST050,2026-01-04 00:00:00,PM10,36.64
ST050,2026-01-04 04:00:00,PM10,37.49
ST050,2026-01-04 08:00:00,PM10,
ST050,2026-01-04 12:00:00,PM10,24.3
ST050,2026-01-04 16:00:00,PM10,31.36
ST050,2026-01-04 20:00:00,PM10,
ST051,2026-01-01 00:00:00,PM25,27.05
ST051,2026-01-01 04:00:00,PM25,27.67
ST051,2026-01-01 08:00:00,PM25,25.42
ST051,2026-01-01 12:00:00,PM25,24.05
ST051,2026-01-01 16:00:00,PM25,27.92
ST051,2026-01-01 20:00:00,PM25,29.7
ST051,2026-01-02 00:00:00,PM25,30.23
ST051,2026-01-02 04:00:00,PM25,29.99
ST051,2026-01-02 08:00:00,PM25,
ST051,2026-01-02 12:00:00,PM25,23.72
ST051,2026-01-02 16:00:00,PM25,25.92
ST051,2026-01-02 20:00:00,PM25,
ST051,2026-01-03 00:00:00,PM25,25.18
ST051,2026-01-03 04:00:00,PM25,
ST051,2026-01-03 08:00:00,PM25,21.87
ST051,2026-01-03 12:00:00,PM25,22.75
ST051,2026-01-03 16:00:00,PM25,19.29
ST051,2026-01-03 20:00:00,PM25,22.16
ST051,2026-01-04 00:00:00,PM25,25.44
ST051,2026-01-04 04:00:00,PM25,28.87
ST051,2026-01-04 08:00:00,PM25,25.55
ST051,2026-01-04 12:00:00,PM25,20.52
ST051,2026-01-04 16:00:00,PM25,20.28
ST051,2026-01-04 20:00:00,PM25,25.01
ST052,2026-01-01 00:00:00,PM25,30.63
ST052,2026-01-01 04:00:00,PM25,35.79
ST052,2026-01-01 08:00:00,PM25,24.82
ST052,2026-01-01 12:00:00,PM25,13.53
ST052,2026-01-01 16:00:00,PM25,
ST052,2026-01-01 20:00:00,PM25,24.66
ST052,2026-01-02 00:00:00,PM25,
ST052,2026-01-02 04:00:00,PM25,17.84
ST052,2026-01-02 08:00:00,PM25,23.93
ST052,2026-01-02 12:00:00,PM25,17.42
ST052,2026-01-02 16:00:00,PM25,27.41
ST052,2026-01-02 20:00:00,PM25,26.52
ST052,2026-01-03 00:00:00,PM25,29.27
ST052,2026-01-03 04:00:00,PM25,27.14
ST052,2026-01-03 08:00:00,PM25,16.56
ST052,2026-01-03 12:00:00,PM25,17.15
ST052,2026-01-03 16:00:00,PM25,
ST052,2026-01-03 20:00:00,PM25,30.69
ST052,2026-01-04 00:00:00,PM25,21.15
ST052,2026-01-04 04:00:00,PM25,29.26
ST052,2026-01-04 08:00:00,PM25,30.6
ST052,2026-01-04 12:00:00,PM25,14.4
ST052,2026-01-04 16:00:00,PM25,25.14
ST052,2026-01-04 20:00:00,PM25,23.73
ST053,2026-01-01 00:00:00,PM25,23.73
ST053,2026-01-01 04:00:00,PM25,32.86
ST053,2026-01-01 08:00:00,PM25,
ST053,2026-01-01 12:00:00,PM25,23.93
ST053,2026-01-01 16:00:00,PM25,24.6
ST053,2026-01-01 20:00:00,PM25,20.66
ST053,2026-01-02 00:00:00,PM25,27.11
ST053,2026-01-02 04:00:00,PM25,
ST053,2026-01-02 08:00:00,PM25,28.13
ST053,2026-01-02 12:00:00,PM25,28.24
ST053,2026-01-02 16:00:00,PM25,32.9
ST053,2026-01-02 20:00:00,PM25,35.47
ST053,2026-01-03 00:00:00,PM25,20.96
ST053,2026-01-03 04:00:00,PM25,24.77
ST053,2026-01-03 08:00:00,PM25,29.18
ST053,2026-01-03 12:00:00,PM25,19.31
ST053,2026-01-03 16:00:00,PM25,28.18
ST053,2026-01-03 20:00:00,PM25,23.15
ST053,2026-01-04 00:00:00,PM25,29.69
ST053,2026-01-04 04:00:00,PM25,31.04
ST053,2026-01-04 08:00:00,PM25,25.43
ST053,2026-01-04 12:00:00,PM25,23.33
ST053,2026-01-04 16:00:00,PM25,30.36
ST053,2026-01-04 20:00:00,PM25,27.72
ST054,2026-01-01 00:00:00,PM25,28.19
ST054,2026-01-01 04:00:00,PM25,31.62
ST054,2026-01-01 08:00:00,PM25,32.39
ST054,2026-01-01 12:00:00,PM25,31.5
ST054,2026-01-01 16:00:00,PM25,30.44
ST054,2026-01-01 20:00:00,PM25,33.2
ST054,2026-01-02 00:00:00,PM25,32.51
ST054,2026-01-02 04:00:00,PM25,36.69
ST054,2026-01-02 08:00:00,PM25,27.12
ST054,2026-01-02 12:00:00,PM25,
ST054,2026-01-02 16:00:00,PM25,31.2
ST054,2026-01-02 20:00:00,PM25,22.93
ST054,2026-01-03 00:00:00,PM25,25.7
ST054,2026-01-03 04:00:00,PM25,19.93
ST054,2026-01-03 08:00:00,PM25,
ST054,2026-01-03 12:00:00,PM25,18.79
ST054,2026-01-03 16:00:00,PM25,24.74
ST054,2026-01-03 20:00:00,PM25,32.06
ST054,2026-01-04 00:00:00,PM25,23.39
ST054,2026-01-04 04:00:00,PM25,23.23
ST054,2026-01-04 08:00:00,PM25,29.76
ST054,2026-01-04 12:00:00,PM25,15.12
ST054,2026-01-04 16:00:00,PM25,18.63
ST054,2026-01-04 20:00:00,PM25,23.52
ST055,2026-01-01 00:00:00,PM10,53.34
ST055,2026-01-01 04:00:00,PM10,46.27
ST055,2026-01-01 08:00:00,PM10,43.23
ST055,2026-01-01 12:00:00,PM10,26.92
ST055,2026-01-01 16:00:00,PM10,54.02
ST055,2026-01-01 20:00:00,PM10,54.32
ST055,2026-01-02 00:00:00,PM10,
ST055,2026-01-02 04:00:00,PM10,
ST055,2026-01-02 08:00:00,PM10,
ST055,2026-01-02 12:00:00,PM10,35.04
ST055,2026-01-02 16:00:00,PM10,48.87
ST055,2026-01-02 20:00:00,PM10,55.1
ST055,2026-01-03 00:00:00,PM10,41.58
ST055,2026-01-03 04:00:00,PM10,41.54
ST055,2026-01-03 08:00:00,PM10,38.62
ST055,2026-01-03 12:00:00,PM10,19.71
ST055,2026-01-03 16:00:00,PM10,47.62
ST055,2026-01-03 20:00:00,PM10,
ST055,2026-01-04 00:00:00,PM10,24.09
ST055,2026-01-04 04:00:00,PM10,54.26
ST055,2026-01-04 08:00:00,PM10,33.65
ST055,2026-01-04 12:00:00,PM10,
ST055,2026-01-04 16:00:00,PM10,43.9
ST055,2026-01-04 20:00:00,PM10,48.34
ST056,2026-01-01 00:00:00,PM25,25.83
ST056,2026-01-01 04:00:00,PM25,28.76
ST056,2026-01-01 08:00:00,PM25,29.48
ST056,2026-01-01 12:00:00,PM25,31.28
ST056,2026-01-01 16:00:00,PM25,30.89
ST056,2026-01-01 20:00:00,PM25,37.07
ST056,2026-01-02 00:00:00,PM25,25.11
ST056,2026-01-02 04:00:00,PM25,
ST056,2026-01-02 08:00:00,PM25,23.99
ST056,2026-01-02 12:00:00,PM25,30.24
ST056,2026-01-02 16:00:00,PM25,30.64
ST056,2026-01-02 20:00:00,PM25,
ST056,2026-01-03 00:00:00,PM25,35.08
ST056,2026-01-03 04:00:00,PM25,
ST056,2026-01-03 08:00:00,PM25,24.24
ST056,2026-01-03 12:00:00,PM25,25.57
ST056,2026-01-03 16:00:00,PM25,20.34
ST056,2026-01-03 20:00:00,PM25,35.21
ST056,2026-01-04 00:00:00,PM25,25.81
ST056,2026-01-04 04:00:00,PM25,26.83
ST056,2026-01-04 08:00:00,PM25,25.86
ST056,2026-01-04 12:00:00,PM25,25.8
ST056,2026-01-04 16:00:00,PM25,32.17
ST056,2026-01-04 20:00:00,PM25,28.48
ST057,2026-01-01 00:00:00,PM25,17.57
ST057,2026-01-01 04:00:00,PM25,19.22
ST057,2026-01-01 08:00:00,PM25,15.87
ST057,2026-01-01 12:00:00,PM25,
ST057,2026-01-01 16:00:00,PM25,14.25
ST057,2026-01-01 20:00:00,PM25,25.69
ST057,2026-01-02 00:00:00,PM25,19.85
ST057,2026-01-02 04:00:00,PM25,20.59
ST057,2026-01-02 08:00:00,PM25,
ST057,2026-01-02 12:00:00,PM25,18.77
ST057,2026-01-02 16:00:00,PM25,18.86
ST057,2026-01-02 20:00:00,PM25,20.01
ST057,2026-01-03 00:00:00,PM25,16.0
ST057,2026-01-03 04:00:00,PM25,12.89
ST057,2026-01-03 08:00:00,PM25,17.81
ST057,2026-01-03 12:00:00,PM25,5.57
ST057,2026-01-03 16:00:00,PM25,12.63
ST057,2026-01-03 20:00:00,PM25,23.82
ST057,2026-01-04 00:00:00,PM25,25.43
ST057,2026-01-04 04:00:00,PM25,23.82
ST057,2026-01-04 08:00:00,PM25,15.92
ST057,2026-01-04 12:00:00,PM25,
ST057,2026-01-04 16:00:00,PM25,19.32
ST057,2026-01-04 20:00:00,PM25,
ST058,2026-01-01 00:00:00,PM25,
ST058,2026-01-01 04:00:00,PM25,17.55
ST058,2026-01-01 08:00:00,PM25,11.05
ST058,2026-01-01 12:00:00,PM25,9.57
ST058,2026-01-01 16:00:00,PM25,8.87
ST058,2026-01-01 20:00:00,PM25,11.24
ST058,2026-01-02 00:00:00,PM25,
ST058,2026-01-02 04:00:00,PM25,8.29
ST058,2026-01-02 08:00:00,PM25,15.38
ST058,2026-01-02 12:00:00,PM25,7.69
ST058,2026-01-02 16:00:00,PM25,
ST058,2026-01-02 20:00:00,PM25,
ST058,2026-01-03 00:00:00,PM25,15.13
ST058,2026-01-03 04:00:00,PM25,16.05
ST058,2026-01-03 08:00:00,PM25,12.96
ST058,2026-01-03 12:00:00,PM25,6.77
ST058,2026-01-03 16:00:00,PM25,5.21
ST058,2026-01-03 20:00:00,PM25,12.14
ST058,2026-01-04 00:00:00,PM25,14.29
ST058,2026-01-04 04:00:00,PM25,12.49
ST058,2026-01-04 08:00:00,PM25,13.56
ST058,2026-01-04 12:00:00,PM25,
ST058,2026-01-04 16:00:00,PM25,14.07
ST058,2026-01-04 20:00:00,PM25,13.88
ST059,2026-01-01 00:00:00,PM25,
ST059,2026-01-01 04:00:00,PM25,
ST059,2026-01-01 08:00:00,PM25,26.4
ST059,2026-01-01 12:00:00,PM25,15.41
ST059,2026-01-01 16:00:00,PM25,19.96
ST059,2026-01-01 20:00:00,PM25,31.1
ST059,2026-01-02 00:00:00,PM25,
ST059,2026-01-02 04:00:00,PM25,32.02
ST059,2026-01-02 08:00:00,PM25,27.36
ST059,2026-01-02 12:00:00,PM25,24.96
ST059,2026-01-02 16:00:00,PM25,23.31
ST059,2026-01-02 20:00:00,PM25,23.22
ST059,2026-01-03 00:00:00,PM25,21.32
ST059,2026-01-03 04:00:00,PM25,29.16
ST059,2026-01-03 08:00:00,PM25,15.79
ST059,2026-01-03 12:00:00,PM25,29.36
ST059,2026-01-03 16:00:00,PM25,19.54
ST059,2026-01-03 20:00:00,PM25,25.09
ST059,2026-01-04 00:00:00,PM25,20.7
ST059,2026-01-04 04:00:00,PM25,23.51
ST059,2026-01-04 08:00:00,PM25,16.51
ST059,2026-01-04 12:00:00,PM25,18.14
ST059,2026-01-04 16:00:00,PM25,18.11
ST059,2026-01-04 20:00:00,PM25,25.66
ST060,2026-01-01 00:00:00,PM10,47.33
ST060,2026-01-01 04:00:00,PM10,54.19
ST060,2026-01-01 08:00:00,PM10,43.06
ST060,2026-01-01 12:00:00,PM10,
ST060,2026-01-01 16:00:00,PM10,
ST060,2026-01-01 20:00:00,PM10,44.2
ST060,2026-01-02 00:00:00,PM10,39.16
ST060,2026-01-02 04:00:00,PM10,56.55
ST060,2026-01-02 08:00:00,PM10,47.15
ST060,2026-01-02 12:00:00,PM10,
ST060,2026-01-02 16:00:00,PM10,38.66
ST060,2026-01-02 20:00:00,PM10,
ST060,2026-01-03 00:00:00,PM10,33.98
ST060,2026-01-03 04:00:00,PM10,32.78
ST060,2026-01-03 08:00:00,PM10,35.11
ST060,2026-01-03 12:00:00,PM10,
ST060,2026-01-03 16:00:00,PM10,
ST060,2026-01-03 20:00:00,PM10,
ST060,2026-01-04 00:00:00,PM10,32.06
ST060,2026-01-04 04:00:00,PM10,38.26
ST060,2026-01-04 08:00:00,PM10,39.71
ST060,2026-01-04 12:00:00,PM10,
ST060,2026-01-04 16:00:00,PM10,
ST060,2026-01-04 20:00:00,PM10,41.63
ST061,2026-01-01 00:00:00,PM25,21.62
ST061,2026-01-01 04:00:00,PM25,31.08
ST061,2026-01-01 08:00:00,PM25,32.27
ST061,2026-01-01 12:00:00,PM25,23.23
ST061,2026-01-01 16:00:00,PM25,27.21
ST061,2026-01-01 20:00:00,PM25,34.74
ST061,2026-01-02 00:00:00,PM25,29.79
ST061,2026-01-02 04:00:00,PM25,28.48
ST061,2026-01-02 08:00:00,PM25,24.68
ST061,2026-01-02 12:00:00,PM25,25.46
ST061,2026-01-02 16:00:00,PM25,25.7
ST061,2026-01-02 20:00:00,PM25,23.41
ST061,2026-01-03 00:00:00,PM25,23.53
ST061,2026-01-03 04:00:00,PM25,27.77
ST061,2026-01-03 08:00:00,PM25,21.2
ST061,2026-01-03 12:00:00,PM25,18.08
ST061,2026-01-03 16:00:00,PM25,27.15
ST061,2026-01-03 20:00:00,PM25,31.73
ST061,2026-01-04 00:00:00,PM25,21.44
ST061,2026-01-04 04:00:00,PM25,25.33
ST061,2026-01-04 08:00:00,PM25,20.16
ST061,2026-01-04 12:00:00,PM25,23.03
ST061,2026-01-04 16:00:00,PM25,23.68
ST061,2026-01-04 20:00:00,PM25,32.03
ST062,2026-01-01 00:00:00,PM25,14.53
ST062,2026-01-01 04:00:00,PM25,13.94
ST062,2026-01-01 08:00:00,PM25,14.0
ST062,2026-01-01 12:00:00,PM25,12.32
ST062,2026-01-01 16:00:00,PM25,13.38
ST062,2026-01-01 20:00:00,PM25,14.03
ST062,2026-01-02 00:00:00,PM25,9.85
ST062,2026-01-02 04:00:00,PM25,14.82
ST062,2026-01-02 08:00:00,PM25,10.24
ST062,2026-01-02 12:00:00,PM25,12.19
ST062,2026-01-02 16:00:00,PM25,13.59
ST062,2026-01-02 20:00:00,PM25,
ST062,2026-01-03 00:00:00,PM25,8.28
ST062,2026-01-03 04:00:00,PM25,17.73
ST062,2026-01-03 08:00:00,PM25,8.18
ST062,2026-01-03 12:00:00,PM25,2.47
ST062,2026-01-03 16:00:00,PM25,5.41
ST062,2026-01-03 20:00:00,PM25,17.61
ST062,2026-01-04 00:00:00,PM25,
ST062,2026-01-04 04:00:00,PM25,5.97
ST062,2026-01-04 08:00:00,PM25,13.3
ST062,2026-01-04 12:00:00,PM25,1.0
ST062,2026-01-04 16:00:00,PM25,8.21
ST062,2026-01-04 20:00:00,PM25,20.9
ST063,2026-01-01 00:00:00,PM25,
ST063,2026-01-01 04:00:00,PM25,14.25
ST063,2026-01-01 08:00:00,PM25,9.28
ST063,2026-01-01 12:00:00,PM25,1.0
ST063,2026-01-01 16:00:00,PM25,16.55
ST063,2026-01-01 20:00:00,PM25,17.5
ST063,2026-01-02 00:00:00,PM25,21.26
ST063,2026-01-02 04:00:00,PM25,22.58
ST063,2026-01-02 08:00:00,PM25,4.23
ST063,2026-01-02 12:00:00,PM25,8.63
ST063,2026-01-02 16:00:00,PM25,15.48
ST063,2026-01-02 20:00:00,PM25,10.5
ST063,2026-01-03 00:00:00,PM25,9.27
ST063,2026-01-03 04:00:00,PM25,15.02
ST063,2026-01-03 08:00:00,PM25,4.57
ST063,2026-01-03 12:00:00,PM25,9.31
ST063,2026-01-03 16:00:00,PM25,10.75
ST063,2026-01-03 20:00:00,PM25,20.76
ST063,2026-01-04 00:00:00,PM25,13.08
ST063,2026-01-04 04:00:00,PM25,9.61
ST063,2026-01-04 08:00:00,PM25,8.63
ST063,2026-01-04 12:00:00,PM25,5.31
ST063,2026-01-04 16:00:00,PM25,11.56
ST063,2026-01-04 20:00:00,PM25,
ST064,2026-01-01 00:00:00,PM25,
ST064,2026-01-01 04:00:00,PM25,30.89
ST064,2026-01-01 08:00:00,PM25,
ST064,2026-01-01 12:00:00,PM25,28.58
ST064,2026-01-01 16:00:00,PM25,28.51
ST064,2026-01-01 20:00:00,PM25,32.15
ST064,2026-01-02 00:00:00,PM25,25.85
ST064,2026-01-02 04:00:00,PM25,29.28
ST064,2026-01-02 08:00:00,PM25,34.69
ST064,2026-01-02 12:00:00,PM25,28.62
ST064,2026-01-02 16:00:00,PM25,37.71
ST064,2026-01-02 20:00:00,PM25,37.56
ST064,2026-01-03 00:00:00,PM25,22.5
ST064,2026-01-03 04:00:00,PM25,28.65
ST064,2026-01-03 08:00:00,PM25,27.87
ST064,2026-01-03 12:00:00,PM25,16.55
ST064,2026-01-03 16:00:00,PM25,24.83
ST064,2026-01-03 20:00:00,PM25,23.45
ST064,2026-01-04 00:00:00,PM25,27.32
ST064,2026-01-04 04:00:00,PM25,30.11
ST064,2026-01-04 08:00:00,PM25,25.09
ST064,2026-01-04 12:00:00,PM25,
ST064,2026-01-04 16:00:00,PM25,27.72
ST064,2026-01-04 20:00:00,PM25,32.1
ST065,2026-01-01 00:00:00,PM10,21.08
ST065,2026-01-01 04:00:00,PM10,28.12
ST065,2026-01-01 08:00:00,PM10,17.31
ST065,2026-01-01 12:00:00,PM10,17.09
ST065,2026-01-01 16:00:00,PM10,23.28
ST065,2026-01-01 20:00:00,PM10,34.01
ST065,2026-01-02 00:00:00,PM10,21.9
ST065,2026-01-02 04:00:00,PM10,20.89
ST065,2026-01-02 08:00:00,PM10,20.36
ST065,2026-01-02 12:00:00,PM10,10.71
ST065,2026-01-02 16:00:00,PM10,30.71
ST065,2026-01-02 20:00:00,PM10,19.01
ST065,2026-01-03 00:00:00,PM10,34.0
ST065,2026-01-03 04:00:00,PM10,20.26
ST065,2026-01-03 08:00:00,PM10,24.49
ST065,2026-01-03 12:00:00,PM10,4.97
ST065,2026-01-03 16:00:00,PM10,14.69
ST065,2026-01-03 20:00:00,PM10,21.84
ST065,2026-01-04 00:00:00,PM10,22.32
ST065,2026-01-04 04:00:00,PM10,13.31
ST065,2026-01-04 08:00:00,PM10,9.75
ST065,2026-01-04 12:00:00,PM10,23.36
ST065,2026-01-04 16:00:00,PM10,25.4
ST065,2026-01-04 20:00:00,PM10,30.97
ST066,2026-01-01 00:00:00,PM25,19.46
ST066,2026-01-01 04:00:00,PM25,16.68
ST066,2026-01-01 08:00:00,PM25,12.01
ST066,2026-01-01 12:00:00,PM25,17.52
ST066,2026-01-01 16:00:00,PM25,15.62
ST066,2026-01-01 20:00:00,PM25,19.97
ST066,2026-01-02 00:00:00,PM25,15.18
ST066,2026-01-02 04:00:00,PM25,13.33
ST066,2026-01-02 08:00:00,PM25,14.46
ST066,2026-01-02 12:00:00,PM25,12.52
ST066,2026-01-02 16:00:00,PM25,
ST066,2026-01-02 20:00:00,PM25,15.47
ST066,2026-01-03 00:00:00,PM25,15.54
ST066,2026-01-03 04:00:00,PM25,14.85
ST066,2026-01-03 08:00:00,PM25,11.65
ST066,2026-01-03 12:00:00,PM25,14.05
ST066,2026-01-03 16:00:00,PM25,10.54
ST066,2026-01-03 20:00:00,PM25,10.59
ST066,2026-01-04 00:00:00,PM25,
ST066,2026-01-04 04:00:00,PM25,
ST066,2026-01-04 08:00:00,PM25,6.77
ST066,2026-01-04 12:00:00,PM25,11.71
ST066,2026-01-04 16:00:00,PM25,12.3
ST066,2026-01-04 20:00:00,PM25,
ST067,2026-01-01 00:00:00,PM25,15.18
ST067,2026-01-01 04:00:00,PM25,19.76
ST067,2026-01-01 08:00:00,PM25,8.21
ST067,2026-01-01 12:00:00,PM25,5.46
ST067,2026-01-01 16:00:00,PM25,20.7
ST067,2026-01-01 20:00:00,PM25,
ST067,2026-01-02 00:00:00,PM25,12.44
ST067,2026-01-02 04:00:00,PM25,9.24
ST067,2026-01-02 08:00:00,PM25,
ST067,2026-01-02 12:00:00,PM25,16.4
ST067,2026-01-02 16:00:00,PM25,15.23
ST067,2026-01-02 20:00:00,PM25,19.74
ST067,2026-01-03 00:00:00,PM25,12.7
ST067,2026-01-03 04:00:00,PM25,11.3
ST067,2026-01-03 08:00:00,PM25,6.14
ST067,2026-01-03 12:00:00,PM25,7.25
ST067,2026-01-03 16:00:00,PM25,5.06
ST067,2026-01-03 20:00:00,PM25,16.06
ST067,2026-01-04 00:00:00,PM25,13.91
ST067,2026-01-04 04:00:00,PM25,
ST067,2026-01-04 08:00:00,PM25,11.37
ST067,2026-01-04 12:00:00,PM25,3.7
ST067,2026-01-04 16:00:00,PM25,13.77
ST067,2026-01-04 20:00:00,PM25,24.91
ST068,2026-01-01 00:00:00,PM25,14.42
ST068,2026-01-01 04:00:00,PM25,21.01
ST068,2026-01-01 08:00:00,PM25,13.55
ST068,2026-01-01 12:00:00,PM25,16.22
ST068,2026-01-01 16:00:00,PM25,18.04
ST068,2026-01-01 20:00:00,PM25,20.8
ST068,2026-01-02 00:00:00,PM25,20.81
ST068,2026-01-02 04:00:00,PM25,14.9
ST068,2026-01-02 08:00:00,PM25,23.99
ST068,2026-01-02 12:00:00,PM25,14.6
ST068,2026-01-02 16:00:00,PM25,
ST068,2026-01-02 20:00:00,PM25,
ST068,2026-01-03 00:00:00,PM25,14.7
ST068,2026-01-03 04:00:00,PM25,18.66
ST068,2026-01-03 08:00:00,PM25,16.21
ST068,2026-01-03 12:00:00,PM25,14.84
ST068,2026-01-03 16:00:00,PM25,16.84
ST068,2026-01-03 20:00:00,PM25,
ST068,2026-01-04 00:00:00,PM25,18.35
ST068,2026-01-04 04:00:00,PM25,
ST068,2026-01-04 08:00:00,PM25,7.51
ST068,2026-01-04 12:00:00,PM25,9.29
ST068,2026-01-04 16:00:00,PM25,18.58
ST068,2026-01-04 20:00:00,PM25,20.35
ST069,2026-01-01 00:00:00,PM25,24.32
ST069,2026-01-01 04:00:00,PM25,33.42
ST069,2026-01-01 08:00:00,PM25,22.0
ST069,2026-01-01 12:00:00,PM25,19.96
ST069,2026-01-01 16:00:00,PM25,22.51
ST069,2026-01-01 20:00:00,PM25,28.78
ST069,2026-01-02 00:00:00,PM25,22.03
ST069,2026-01-02 04:00:00,PM25,26.14
ST069,2026-01-02 08:00:00,PM25,20.09
ST069,2026-01-02 12:00:00,PM25,28.23
ST069,2026-01-02 16:00:00,PM25,30.43
ST069,2026-01-02 20:00:00,PM25,28.96
ST069,2026-01-03 00:00:00,PM25,
ST069,2026-01-03 04:00:00,PM25,24.8
ST069,2026-01-03 08:00:00,PM25,14.98
ST069,2026-01-03 12:00:00,PM25,14.96
ST069,2026-01-03 16:00:00,PM25,16.71
ST069,2026-01-03 20:00:00,PM25,23.57
ST069,2026-01-04 00:00:00,PM25,21.63
ST069,2026-01-04 04:00:00,PM25,21.92
ST069,2026-01-04 08:00:00,PM25,15.36
ST069,2026-01-04 12:00:00,PM25,21.3
ST069,2026-01-04 16:00:00,PM25,
ST069,2026-01-04 20:00:00,PM25,22.15
ST070,2026-01-01 00:00:00,PM10,33.91
ST070,2026-01-01 04:00:00,PM10,35.86
ST070,2026-01-01 08:00:00,PM10,44.66
ST070,2026-01-01 12:00:00,PM10,28.62
ST070,2026-01-01 16:00:00,PM10,35.99
ST070,2026-01-01 20:00:00,PM10,
ST070,2026-01-02 00:00:00,PM10,30.96
ST070,2026-01-02 04:00:00,PM10,32.68
ST070,2026-01-02 08:00:00,PM10,26.81
ST070,2026-01-02 12:00:00,PM10,27.91
ST070,2026-01-02 16:00:00,PM10,35.93
ST070,2026-01-02 20:00:00,PM10,42.07
ST070,2026-01-03 00:00:00,PM10,30.55
ST070,2026-01-03 04:00:00,PM10,42.31
ST070,2026-01-03 08:00:00,PM10,25.39
ST070,2026-01-03 12:00:00,PM10,27.27
ST070,2026-01-03 16:00:00,PM10,17.55
ST070,2026-01-03 20:00:00,PM10,28.23
ST070,2026-01-04 00:00:00,PM10,20.98
ST070,2026-01-04 04:00:00,PM10,32.58
ST070,2026-01-04 08:00:00,PM10,26.54
ST070,2026-01-04 12:00:00,PM10,
ST070,2026-01-04 16:00:00,PM10,24.49
ST070,2026-01-04 20:00:00,PM10,39.8
ST071,2026-01-01 00:00:00,PM25,29.5
ST071,2026-01-01 04:00:00,PM25,32.1
ST071,2026-01-01 08:00:00,PM25,23.88
ST071,2026-01-01 12:00:00,PM25,10.58
ST071,2026-01-01 16:00:00,PM25,
ST071,2026-01-01 20:00:00,PM25,28.91
ST071,2026-01-02 00:00:00,PM25,28.85
ST071,2026-01-02 04:00:00,PM25,27.92
ST071,2026-01-02 08:00:00,PM25,18.91
ST071,2026-01-02 12:00:00,PM25,18.54
ST071,2026-01-02 16:00:00,PM25,25.66
ST071,2026-01-02 20:00:00,PM25,26.45
ST071,2026-01-03 00:00:00,PM25,20.16
ST071,2026-01-03 04:00:00,PM25,19.26
ST071,2026-01-03 08:00:00,PM25,16.55
ST071,2026-01-03 12:00:00,PM25,22.8
ST071,2026-01-03 16:00:00,PM25,34.08
ST071,2026-01-03 20:00:00,PM25,25.84
ST071,2026-01-04 00:00:00,PM25,27.86
ST071,2026-01-04 04:00:00,PM25,
ST071,2026-01-04 08:00:00,PM25,20.12
ST071,2026-01-04 12:00:00,PM25,17.84
ST071,2026-01-04 16:00:00,PM25,20.54
ST071,2026-01-04 20:00:00,PM25,30.48
ST072,2026-01-01 00:00:00,PM25,20.51
ST072,2026-01-01 04:00:00,PM25,14.81
ST072,2026-01-01 08:00:00,PM25,18.28
ST072,2026-01-01 12:00:00,PM25,18.08
ST072,2026-01-01 16:00:00,PM25,14.78
ST072,2026-01-01 20:00:00,PM25,
ST072,2026-01-02 00:00:00,PM25,22.48
ST072,2026-01-02 04:00:00,PM25,20.32
ST072,2026-01-02 08:00:00,PM25,15.76
ST072,2026-01-02 12:00:00,PM25,7.33
ST072,2026-01-02 16:00:00,PM25,
ST072,2026-01-02 20:00:00,PM25,20.51
ST072,2026-01-03 00:00:00,PM25,17.93
ST072,2026-01-03 04:00:00,PM25,19.07
ST072,2026-01-03 08:00:00,PM25,
ST072,2026-01-03 12:00:00,PM25,10.42
ST072,2026-01-03 16:00:00,PM25,21.0
ST072,2026-01-03 20:00:00,PM25,24.19
ST072,2026-01-04 00:00:00,PM25,15.19
ST072,2026-01-04 04:00:00,PM25,19.09
ST072,2026-01-04 08:00:00,PM25,6.57
ST072,2026-01-04 12:00:00,PM25,
ST072,2026-01-04 16:00:00,PM25,12.85
ST072,2026-01-04 20:00:00,PM25,17.96
ST073,2026-01-01 00:00:00,PM25,31.36
ST073,2026-01-01 04:00:00,PM25,38.71
ST073,2026-01-01 08:00:00,PM25,30.86
ST073,2026-01-01 12:00:00,PM25,22.84
ST073,2026-01-01 16:00:00,PM25,33.62
ST073,2026-01-01 20:00:00,PM25,37.66
ST073,2026-01-02 00:00:00,PM25,28.44
ST073,2026-01-02 04:00:00,PM25,29.65
ST073,2026-01-02 08:00:00,PM25,
ST073,2026-01-02 12:00:00,PM25,24.35
ST073,2026-01-02 16:00:00,PM25,33.05
ST073,2026-01-02 20:00:00,PM25,33.07
ST073,2026-01-03 00:00:00,PM25,26.72
ST073,2026-01-03 04:00:00,PM25,32.85
ST073,2026-01-03 08:00:00,PM25,32.43
ST073,2026-01-03 12:00:00,PM25,25.65
ST073,2026-01-03 16:00:00,PM25,
ST073,2026-01-03 20:00:00,PM25,29.24
ST073,2026-01-04 00:00:00,PM25,
ST073,2026-01-04 04:00:00,PM25,41.78
ST073,2026-01-04 08:00:00,PM25,30.17
ST073,2026-01-04 12:00:00,PM25,27.96
ST073,2026-01-04 16:00:00,PM25,22.12
ST073,2026-01-04 20:00:00,PM25,34.06
ST074,2026-01-01 00:00:00,PM25,23.47
ST074,2026-01-01 04:00:00,PM25,
ST074,2026-01-01 08:00:00,PM25,29.75
ST074,2026-01-01 12:00:00,PM25,15.68
ST074,2026-01-01 16:00:00,PM25,32.58
ST074,2026-01-01 20:00:00,PM25,29.99
ST074,2026-01-02 00:00:00,PM25,26.99
ST074,2026-01-02 04:00:00,PM25,29.62
ST074,2026-01-02 08:00:00,PM25,22.24
ST074,2026-01-02 12:00:00,PM25,
ST074,2026-01-02 16:00:00,PM25,24.98
ST074,2026-01-02 20:00:00,PM25,34.66
ST074,2026-01-03 00:00:00,PM25,20.15
ST074,2026-01-03 04:00:00,PM25,25.48
ST074,2026-01-03 08:00:00,PM25,14.05
ST074,2026-01-03 12:00:00,PM25,22.85
ST074,2026-01-03 16:00:00,PM25,24.08
ST074,2026-01-03 20:00:00,PM25,
ST074,2026-01-04 00:00:00,PM25,22.97
ST074,2026-01-04 04:00:00,PM25,20.06
ST074,2026-01-04 08:00:00,PM25,13.79
ST074,2026-01-04 12:00:00,PM25,8.9
ST074,2026-01-04 16:00:00,PM25,19.87
ST074,2026-01-04 20:00:00,PM25,26.22
ST075,2026-01-01 00:00:00,PM10,25.02
ST075,2026-01-01 04:00:00,PM10,44.45
ST075,2026-01-01 08:00:00,PM10,33.73
ST075,2026-01-01 12:00:00,PM10,26.24
ST075,2026-01-01 16:00:00,PM10,34.17
ST075,2026-01-01 20:00:00,PM10,46.4
ST075,2026-01-02 00:00:00,PM10,36.56
ST075,2026-01-02 04:00:00,PM10,54.22
ST075,2026-01-02 08:00:00,PM10,
ST075,2026-01-02 12:00:00,PM10,28.79
ST075,2026-01-02 16:00:00,PM10,36.13
ST075,2026-01-02 20:00:00,PM10,
ST075,2026-01-03 00:00:00,PM10,29.0
ST075,2026-01-03 04:00:00,PM10,40.37
ST075,2026-01-03 08:00:00,PM10,26.49
ST075,2026-01-03 12:00:00,PM10,41.66
ST075,2026-01-03 16:00:00,PM10,38.09
ST075,2026-01-03 20:00:00,PM10,39.93
ST075,2026-01-04 00:00:00,PM10,32.17
ST075,2026-01-04 04:00:00,PM10,42.55
ST075,2026-01-04 08:00:00,PM10,33.91
ST075,2026-01-04 12:00:00,PM10,35.49
ST075,2026-01-04 16:00:00,PM10,39.9
ST075,2026-01-04 20:00:00,PM10,37.81
ST076,2026-01-01 00:00:00,PM25,23.69
ST076,2026-01-01 04:00:00,PM25,21.24
ST076,2026-01-01 08:00:00,PM25,
ST076,2026-01-01 12:00:00,PM25,15.99
ST076,2026-01-01 16:00:00,PM25,18.08
ST076,2026-01-01 20:00:00,PM25,22.21
ST076,2026-01-02 00:00:00,PM25,18.3
ST076,2026-01-02 04:00:00,PM25,18.21
ST076,2026-01-02 08:00:00,PM25,15.84
ST076,2026-01-02 12:00:00,PM25,18.98
ST076,2026-01-02 16:00:00,PM25,12.31
ST076,2026-01-02 20:00:00,PM25,23.12
ST076,2026-01-03 00:00:00,PM25,20.43
ST076,2026-01-03 04:00:00,PM25,21.72
ST076,2026-01-03 08:00:00,PM25,12.44
ST076,2026-01-03 12:00:00,PM25,15.35
ST076,2026-01-03 16:00:00,PM25,16.59
ST076,2026-01-03 20:00:00,PM25,20.76
ST076,2026-01-04 00:00:00,PM25,13.72
ST076,2026-01-04 04:00:00,PM25,12.14
ST076,2026-01-04 08:00:00,PM25,25.28
ST076,2026-01-04 12:00:00,PM25,13.19
ST076,2026-01-04 16:00:00,PM25,9.49
ST076,2026-01-04 20:00:00,PM25,18.44
ST077,2026-01-01 00:00:00,PM25,17.79
ST077,2026-01-01 04:00:00,PM25,13.89
ST077,2026-01-01 08:00:00,PM25,16.48
ST077,2026-01-01 12:00:00,PM25,11.59
ST077,2026-01-01 16:00:00,PM25,11.28
ST077,2026-01-01 20:00:00,PM25,28.14
ST077,2026-01-02 00:00:00,PM25,25.88
ST077,2026-01-02 04:00:00,PM25,12.18
ST077,2026-01-02 08:00:00,PM25,16.0
ST077,2026-01-02 12:00:00,PM25,4.89
ST077,2026-01-02 16:00:00,PM25,15.67
ST077,2026-01-02 20:00:00,PM25,27.21
ST077,2026-01-03 00:00:00,PM25,24.79
ST077,2026-01-03 04:00:00,PM25,
ST077,2026-01-03 08:00:00,PM25,10.32
ST077,2026-01-03 12:00:00,PM25,9.17
ST077,2026-01-03 16:00:00,PM25,12.53
ST077,2026-01-03 20:00:00,PM25,18.05
ST077,2026-01-04 00:00:00,PM25,21.71
ST077,2026-01-04 04:00:00,PM25,21.52
ST077,2026-01-04 08:00:00,PM25,12.22
ST077,2026-01-04 12:00:00,PM25,15.43
ST077,2026-01-04 16:00:00,PM25,17.61
ST077,2026-01-04 20:00:00,PM25,24.12
ST078,2026-01-01 00:00:00,PM25,27.51
ST078,2026-01-01 04:00:00,PM25,33.83
ST078,2026-01-01 08:00:00,PM25,35.47
ST078,2026-01-01 12:00:00,PM25,33.92
ST078,2026-01-01 16:00:00,PM25,
ST078,2026-01-01 20:00:00,PM25,
ST078,2026-01-02 00:00:00,PM25,29.86
ST078,2026-01-02 04:00:00,PM25,26.63
ST078,2026-01-02 08:00:00,PM25,29.88
ST078,2026-01-02 12:00:00,PM25,24.34
ST078,2026-01-02 16:00:00,PM25,35.54
ST078,2026-01-02 20:00:00,PM25,27.14
ST078,2026-01-03 00:00:00,PM25,26.83
ST078,2026-01-03 04:00:00,PM25,
ST078,2026-01-03 08:00:00,PM25,22.61
ST078,2026-01-03 12:00:00,PM25,22.74
ST078,2026-01-03 16:00:00,PM25,16.43
ST078,2026-01-03 20:00:00,PM25,27.68
ST078,2026-01-04 00:00:00,PM25,25.18
ST078,2026-01-04 04:00:00,PM25,24.27
ST078,2026-01-04 08:00:00,PM25,19.87
ST078,2026-01-04 12:00:00,PM25,20.05
ST078,2026-01-04 16:00:00,PM25,29.28
ST078,2026-01-04 20:00:00,PM25,23.79
ST079,2026-01-01 00:00:00,PM25,18.75
ST079,2026-01-01 04:00:00,PM25,16.18
ST079,2026-01-01 08:00:00,PM25,
ST079,2026-01-01 12:00:00,PM25,13.07
ST079,2026-01-01 16:00:00,PM25,20.09
ST079,2026-01-01 20:00:00,PM25,12.26
ST079,2026-01-02 00:00:00,PM25,23.05
ST079,2026-01-02 04:00:00,PM25,10.43
ST079,2026-01-02 08:00:00,PM25,12.2
ST079,2026-01-02 12:00:00,PM25,15.21
ST079,2026-01-02 16:00:00,PM25,5.84
ST079,2026-01-02 20:00:00,PM25,20.34
ST079,2026-01-03 00:00:00,PM25,
ST079,2026-01-03 04:00:00,PM25,12.57
ST079,2026-01-03 08:00:00,PM25,6.8
ST079,2026-01-03 12:00:00,PM25,2.93
ST079,2026-01-03 16:00:00,PM25,2.23
ST079,2026-01-03 20:00:00,PM25,15.17
ST079,2026-01-04 00:00:00,PM25,7.27
ST079,2026-01-04 04:00:00,PM25,16.79
ST079,2026-01-04 08:00:00,PM25,10.19
ST079,2026-01-04 12:00:00,PM25,7.94
ST079,2026-01-04 16:00:00,PM25,11.5
ST079,2026-01-04 20:00:00,PM25,18.6
ST080,2026-01-01 00:00:00,PM10,23.95
ST080,2026-01-01 04:00:00,PM10,66.12
ST080,2026-01-01 08:00:00,PM10,55.48
ST080,2026-01-01 12:00:00,PM10,31.71
ST080,2026-01-01 16:00:00,PM10,
ST080,2026-01-01 20:00:00,PM10,52.47
ST080,2026-01-02 00:00:00,PM10,41.84
ST080,2026-01-02 04:00:00,PM10,43.51
ST080,2026-01-02 08:00:00,PM10,53.05
ST080,2026-01-02 12:00:00,PM10,41.34
ST080,2026-01-02 16:00:00,PM10,37.29
ST080,2026-01-02 20:00:00,PM10,52.56
ST080,2026-01-03 00:00:00,PM10,42.62
ST080,2026-01-03 04:00:00,PM10,44.13
ST080,2026-01-03 08:00:00,PM10,39.78
ST080,2026-01-03 12:00:00,PM10,21.07
ST080,2026-01-03 16:00:00,PM10,48.51
ST080,2026-01-03 20:00:00,PM10,37.78
ST080,2026-01-04 00:00:00,PM10,44.52
ST080,2026-01-04 04:00:00,PM10,40.75
ST080,2026-01-04 08:00:00,PM10,52.89
ST080,2026-01-04 12:00:00,PM10,32.75
ST080,2026-01-04 16:00:00,PM10,53.7
ST080,2026-01-04 20:00:00,PM10,35.83
ST081,2026-01-01 00:00:00,PM25,29.03
ST081,2026-01-01 04:00:00,PM25,27.42
ST081,2026-01-01 08:00:00,PM25,30.96
ST081,2026-01-01 12:00:00,PM25,
ST081,2026-01-01 16:00:00,PM25,
ST081,2026-01-01 20:00:00,PM25,30.06
ST081,2026-01-02 00:00:00,PM25,25.37
ST081,2026-01-02 04:00:00,PM25,26.54
ST081,2026-01-02 08:00:00,PM25,21.54
ST081,2026-01-02 12:00:00,PM25,23.42
ST081,2026-01-02 16:00:00,PM25,33.5
ST081,2026-01-02 20:00:00,PM25,29.37
ST081,2026-01-03 00:00:00,PM25,25.62
ST081,2026-01-03 04:00:00,PM25,27.4
ST081,2026-01-03 08:00:00,PM25,23.64
ST081,2026-01-03 12:00:00,PM25,18.65
ST081,2026-01-03 16:00:00,PM25,30.01
ST081,2026-01-03 20:00:00,PM25,34.96
ST081,2026-01-04 00:00:00,PM25,25.69
ST081,2026-01-04 04:00:00,PM25,33.47
ST081,2026-01-04 08:00:00,PM25,13.84
ST081,2026-01-04 12:00:00,PM25,
ST081,2026-01-04 16:00:00,PM25,22.14
ST081,2026-01-04 20:00:00,PM25,28.54
ST082,2026-01-01 00:00:00,PM25,21.94
ST082,2026-01-01 04:00:00,PM25,18.66
ST082,2026-01-01 08:00:00,PM25,13.51
ST082,2026-01-01 12:00:00,PM25,14.54
ST082,2026-01-01 16:00:00,PM25,15.28
ST082,2026-01-01 20:00:00,PM25,29.3
ST082,2026-01-02 00:00:00,PM25,15.55
ST082,2026-01-02 04:00:00,PM25,25.77
ST082,2026-01-02 08:00:00,PM25,11.63
ST082,2026-01-02 12:00:00,PM25,9.24
ST082,2026-01-02 16:00:00,PM25,
ST082,2026-01-02 20:00:00,PM25,22.21
ST082,2026-01-03 00:00:00,PM25,14.37
ST082,2026-01-03 04:00:00,PM25,22.02
ST082,2026-01-03 08:00:00,PM25,12.11
ST082,2026-01-03 12:00:00,PM25,7.48
ST082,2026-01-03 16:00:00,PM25,24.87
ST082,2026-01-03 20:00:00,PM25,17.6
ST082,2026-01-04 00:00:00,PM25,15.15
ST082,2026-01-04 04:00:00,PM25,15.49
ST082,2026-01-04 08:00:00,PM25,9.01
ST082,2026-01-04 12:00:00,PM25,
ST082,2026-01-04 16:00:00,PM25,5.99
ST082,2026-01-04 20:00:00,PM25,17.79
ST083,2026-01-01 00:00:00,PM25,25.01
ST083,2026-01-01 04:00:00,PM25,36.76
ST083,2026-01-01 08:00:00,PM25,33.42
ST083,2026-01-01 12:00:00,PM25,
ST083,2026-01-01 16:00:00,PM25,28.45
ST083,2026-01-01 20:00:00,PM25,38.72
ST083,2026-01-02 00:00:00,PM25,33.8
ST083,2026-01-02 04:00:00,PM25,
ST083,2026-01-02 08:00:00,PM25,33.78
ST083,2026-01-02 12:00:00,PM25,22.82
ST083,2026-01-02 16:00:00,PM25,29.58
ST083,2026-01-02 20:00:00,PM25,37.96
ST083,2026-01-03 00:00:00,PM25,37.34
ST083,2026-01-03 04:00:00,PM25,
ST083,2026-01-03 08:00:00,PM25,27.56
ST083,2026-01-03 12:00:00,PM25,24.53
ST083,2026-01-03 16:00:00,PM25,29.16
ST083,2026-01-03 20:00:00,PM25,25.74
ST083,2026-01-04 00:00:00,PM25,28.78
ST083,2026-01-04 04:00:00,PM25,28.47
ST083,2026-01-04 08:00:00,PM25,28.84
ST083,2026-01-04 12:00:00,PM25,23.37
ST083,2026-01-04 16:00:00,PM25,24.84
ST083,2026-01-04 20:00:00,PM25,36.31
ST084,2026-01-01 00:00:00,PM25,26.33
ST084,2026-01-01 04:00:00,PM25,31.89
ST084,2026-01-01 08:00:00,PM25,22.35
ST084,2026-01-01 12:00:00,PM25,28.04
ST084,2026-01-01 16:00:00,PM25,25.82
ST084,2026-01-01 20:00:00,PM25,38.82
ST084,2026-01-02 00:00:00,PM25,24.58
ST084,2026-01-02 04:00:00,PM25,
ST084,2026-01-02 08:00:00,PM25,25.31
ST084,2026-01-02 12:00:00,PM25,18.32
ST084,2026-01-02 16:00:00,PM25,24.52
ST084,2026-01-02 20:00:00,PM25,
ST084,2026-01-03 00:00:00,PM25,20.53
ST084,2026-01-03 04:00:00,PM25,28.94
ST084,2026-01-03 08:00:00,PM25,16.43
ST084,2026-01-03 12:00:00,PM25,21.17
ST084,2026-01-03 16:00:00,PM25,25.17
ST084,2026-01-03 20:00:00,PM25,23.68
ST084,2026-01-04 00:00:00,PM25,24.3
ST084,2026-01-04 04:00:00,PM25,
ST084,2026-01-04 08:00:00,PM25,14.2
ST084,2026-01-04 12:00:00,PM25,19.57
ST084,2026-01-04 16:00:00,PM25,21.64
ST084,2026-01-04 20:00:00,PM25,27.06
ST085,2026-01-01 00:00:00,PM10,21.18
ST085,2026-01-01 04:00:00,PM10,37.72
ST085,2026-01-01 08:00:00,PM10,36.45
ST085,2026-01-01 12:00:00,PM10,16.91
ST085,2026-01-01 16:00:00,PM10,34.52
ST085,2026-01-01 20:00:00,PM10,43.59
ST085,2026-01-02 00:00:00,PM10,38.89
ST085,2026-01-02 04:00:00,PM10,44.66
ST085,2026-01-02 08:00:00,PM10,33.18
ST085,2026-01-02 12:00:00,PM10,26.81
ST085,2026-01-02 16:00:00,PM10,47.46
ST085,2026-01-02 20:00:00,PM10,41.93
ST085,2026-01-03 00:00:00,PM10,
ST085,2026-01-03 04:00:00,PM10,30.09
ST085,2026-01-03 08:00:00,PM10,32.15
ST085,2026-01-03 12:00:00,PM10,25.82
ST085,2026-01-03 16:00:00,PM10,39.83
ST085,2026-01-03 20:00:00,PM10,
ST085,2026-01-04 00:00:00,PM10,30.87
ST085,2026-01-04 04:00:00,PM10,42.48
ST085,2026-01-04 08:00:00,PM10,38.84
ST085,2026-01-04 12:00:00,PM10,26.13
ST085,2026-01-04 16:00:00,PM10,18.23
ST085,2026-01-04 20:00:00,PM10,42.67
ST086,2026-01-01 00:00:00,PM25,34.03
ST086,2026-01-01 04:00:00,PM25,
ST086,2026-01-01 08:00:00,PM25,21.61
ST086,2026-01-01 12:00:00,PM25,
ST086,2026-01-01 16:00:00,PM25,29.13
ST086,2026-01-01 20:00:00,PM25,38.34
ST086,2026-01-02 00:00:00,PM25,23.47
ST086,2026-01-02 04:00:00,PM25,28.84
ST086,2026-01-02 08:00:00,PM25,20.09
ST086,2026-01-02 12:00:00,PM25,29.35
ST086,2026-01-02 16:00:00,PM25,
ST086,2026-01-02 20:00:00,PM25,31.25
ST086,2026-01-03 00:00:00,PM25,25.18
ST086,2026-01-03 04:00:00,PM25,17.47
ST086,2026-01-03 08:00:00,PM25,18.74
ST086,2026-01-03 12:00:00,PM25,18.4
ST086,2026-01-03 16:00:00,PM25,17.78
ST086,2026-01-03 20:00:00,PM25,24.37
ST086,2026-01-04 00:00:00,PM25,18.43
ST086,2026-01-04 04:00:00,PM25,25.97
ST086,2026-01-04 08:00:00,PM25,18.24
ST086,2026-01-04 12:00:00,PM25,18.57
ST086,2026-01-04 16:00:00,PM25,30.14
ST086,2026-01-04 20:00:00,PM25,
ST087,2026-01-01 00:00:00,PM25,29.96
ST087,2026-01-01 04:00:00,PM25,32.26
ST087,2026-01-01 08:00:00,PM25,29.58
ST087,2026-01-01 12:00:00,PM25,11.1
ST087,2026-01-01 16:00:00,PM25,32.44
ST087,2026-01-01 20:00:00,PM25,30.47
ST087,2026-01-02 00:00:00,PM25,28.56
ST087,2026-01-02 04:00:00,PM25,34.32
ST087,2026-01-02 08:00:00,PM25,29.69
ST087,2026-01-02 12:00:00,PM25,27.44
ST087,2026-01-02 16:00:00,PM25,22.4
ST087,2026-01-02 20:00:00,PM25,23.76
ST087,2026-01-03 00:00:00,PM25,25.45
ST087,2026-01-03 04:00:00,PM25,30.91
ST087,2026-01-03 08:00:00,PM25,27.76
ST087,2026-01-03 12:00:00,PM25,23.24
ST087,2026-01-03 16:00:00,PM25,30.45
ST087,2026-01-03 20:00:00,PM25,26.87
ST087,2026-01-04 00:00:00,PM25,32.03
ST087,2026-01-04 04:00:00,PM25,
ST087,2026-01-04 08:00:00,PM25,21.14
ST087,2026-01-04 12:00:00,PM25,28.74
ST087,2026-01-04 16:00:00,PM25,24.41
ST087,2026-01-04 20:00:00,PM25,24.59
ST088,2026-01-01 00:00:00,PM25,23.02
ST088,2026-01-01 04:00:00,PM25,18.13
ST088,2026-01-01 08:00:00,PM25,13.01
ST088,2026-01-01 12:00:00,PM25,
ST088,2026-01-01 16:00:00,PM25,17.27
ST088,2026-01-01 20:00:00,PM25,15.11
ST088,2026-01-02 00:00:00,PM25,20.02
ST088,2026-01-02 04:00:00,PM25,23.14
ST088,2026-01-02 08:00:00,PM25,22.24
ST088,2026-01-02 12:00:00,PM25,8.39
ST088,2026-01-02 16:00:00,PM25,25.57
ST088,2026-01-02 20:00:00,PM25,31.58
ST088,2026-01-03 00:00:00,PM25,
ST088,2026-01-03 04:00:00,PM25,18.21
ST088,2026-01-03 08:00:00,PM25,14.02
ST088,2026-01-03 12:00:00,PM25,16.19
ST088,2026-01-03 16:00:00,PM25,
ST088,2026-01-03 20:00:00,PM25,28.18
ST088,2026-01-04 00:00:00,PM25,21.3
ST088,2026-01-04 04:00:00,PM25,27.74
ST088,2026-01-04 08:00:00,PM25,14.86
ST088,2026-01-04 12:00:00,PM25,16.44
ST088,2026-01-04 16:00:00,PM25,8.2
ST088,2026-01-04 20:00:00,PM25,23.45
ST089,2026-01-01 00:00:00,PM25,16.49
ST089,2026-01-01 04:00:00,PM25,30.63
ST089,2026-01-01 08:00:00,PM25,27.34
ST089,2026-01-01 12:00:00,PM25,13.44
ST089,2026-01-01 16:00:00,PM25,20.7
ST089,2026-01-01 20:00:00,PM25,33.76
ST089,2026-01-02 00:00:00,PM25,24.58
ST089,2026-01-02 04:00:00,PM25,26.28
ST089,2026-01-02 08:00:00,PM25,24.86
ST089,2026-01-02 12:00:00,PM25,20.39
ST089,2026-01-02 16:00:00,PM25,14.51
ST089,2026-01-02 20:00:00,PM25,26.58
ST089,2026-01-03 00:00:00,PM25,21.11
ST089,2026-01-03 04:00:00,PM25,26.48
ST089,2026-01-03 08:00:00,PM25,18.63
ST089,2026-01-03 12:00:00,PM25,14.75
ST089,2026-01-03 16:00:00,PM25,25.45
ST089,2026-01-03 20:00:00,PM25,20.78
ST089,2026-01-04 00:00:00,PM25,23.78
ST089,2026-01-04 04:00:00,PM25,25.23
ST089,2026-01-04 08:00:00,PM25,23.97
ST089,2026-01-04 12:00:00,PM25,13.71
ST089,2026-01-04 16:00:00,PM25,27.06
ST089,2026-01-04 20:00:00,PM25,26.11
ST090,2026-01-01 00:00:00,PM10,25.9
ST090,2026-01-01 04:00:00,PM10,28.33
ST090,2026-01-01 08:00:00,PM10,28.02
ST090,2026-01-01 12:00:00,PM10,21.13
ST090,2026-01-01 16:00:00,PM10,10.18
ST090,2026-01-01 20:00:00,PM10,24.0
ST090,2026-01-02 00:00:00,PM10,23.35
ST090,2026-01-02 04:00:00,PM10,26.55
ST090,2026-01-02 08:00:00,PM10,
ST090,2026-01-02 12:00:00,PM10,17.08
ST090,2026-01-02 16:00:00,PM10,23.76
ST090,2026-01-02 20:00:00,PM10,23.94
ST090,2026-01-03 00:00:00,PM10,33.41
ST090,2026-01-03 04:00:00,PM10,22.92
ST090,2026-01-03 08:00:00,PM10,9.42
ST090,2026-01-03 12:00:00,PM10,1.62
ST090,2026-01-03 16:00:00,PM10,19.54
ST090,2026-01-03 20:00:00,PM10,10.84
ST090,2026-01-04 00:00:00,PM10,
ST090,2026-01-04 04:00:00,PM10,16.23
ST090,2026-01-04 08:00:00,PM10,20.83
ST090,2026-01-04 12:00:00,PM10,13.28
ST090,2026-01-04 16:00:00,PM10,
ST090,2026-01-04 20:00:00,PM10,23.64
ST091,2026-01-01 00:00:00,PM25,21.4
ST091,2026-01-01 04:00:00,PM25,29.79
ST091,2026-01-01 08:00:00,PM25,20.69
ST091,2026-01-01 12:00:00,PM25,14.77
ST091,2026-01-01 16:00:00,PM25,
ST091,2026-01-01 20:00:00,PM25,23.9
ST091,2026-01-02 00:00:00,PM25,25.32
ST091,2026-01-02 04:00:00,PM25,19.05
ST091,2026-01-02 08:00:00,PM25,14.29
ST091,2026-01-02 12:00:00,PM25,15.26
ST091,2026-01-02 16:00:00,PM25,22.71
ST091,2026-01-02 20:00:00,PM25,26.65
ST091,2026-01-03 00:00:00,PM25,19.96
ST091,2026-01-03 04:00:00,PM25,26.89
ST091,2026-01-03 08:00:00,PM25,19.92
ST091,2026-01-03 12:00:00,PM25,11.25
ST091,2026-01-03 16:00:00,PM25,
ST091,2026-01-03 20:00:00,PM25,25.11
ST091,2026-01-04 00:00:00,PM25,13.61
ST091,2026-01-04 04:00:00,PM25,23.67
ST091,2026-01-04 08:00:00,PM25,16.65
ST091,2026-01-04 12:00:00,PM25,14.95
ST091,2026-01-04 16:00:00,PM25,23.95
ST091,2026-01-04 20:00:00,PM25,26.24
ST092,2026-01-01 00:00:00,PM25,
ST092,2026-01-01 04:00:00,PM25,33.74
ST092,2026-01-01 08:00:00,PM25,
ST092,2026-01-01 12:00:00,PM25,26.97
ST092,2026-01-01 16:00:00,PM25,33.6
ST092,2026-01-01 20:00:00,PM25,36.41
ST092,2026-01-02 00:00:00,PM25,32.93
ST092,2026-01-02 04:00:00,PM25,37.08
ST092,2026-01-02 08:00:00,PM25,30.13
ST092,2026-01-02 12:00:00,PM25,31.25
ST092,2026-01-02 16:00:00,PM25,35.83
ST092,2026-01-02 20:00:00,PM25,22.61
ST092,2026-01-03 00:00:00,PM25,21.36
ST092,2026-01-03 04:00:00,PM25,21.69
ST092,2026-01-03 08:00:00,PM25,32.23
ST092,2026-01-03 12:00:00,PM25,18.61
ST092,2026-01-03 16:00:00,PM25,25.03
ST092,2026-01-03 20:00:00,PM25,35.67
ST092,2026-01-04 00:00:00,PM25,30.43
ST092,2026-01-04 04:00:00,PM25,
ST092,2026-01-04 08:00:00,PM25,17.76
ST092,2026-01-04 12:00:00,PM25,
ST092,2026-01-04 16:00:00,PM25,24.95
ST092,2026-01-04 20:00:00,PM25,34.37
ST093,2026-01-01 00:00:00,PM25,22.16
ST093,2026-01-01 04:00:00,PM25,23.78
ST093,2026-01-01 08:00:00,PM25,16.88
ST093,2026-01-01 12:00:00,PM25,12.78
ST093,2026-01-01 16:00:00,PM25,21.71
ST093,2026-01-01 20:00:00,PM25,22.67
ST093,2026-01-02 00:00:00,PM25,28.74
ST093,2026-01-02 04:00:00,PM25,14.32
ST093,2026-01-02 08:00:00,PM25,19.3
ST093,2026-01-02 12:00:00,PM25,16.67
ST093,2026-01-02 16:00:00,PM25,13.72
ST093,2026-01-02 20:00:00,PM25,31.29
ST093,2026-01-03 00:00:00,PM25,23.5
ST093,2026-01-03 04:00:00,PM25,17.34
ST093,2026-01-03 08:00:00,PM25,10.56
ST093,2026-01-03 12:00:00,PM25,
ST093,2026-01-03 16:00:00,PM25,11.93
ST093,2026-01-03 20:00:00,PM25,
ST093,2026-01-04 00:00:00,PM25,18.61
ST093,2026-01-04 04:00:00,PM25,17.11
ST093,2026-01-04 08:00:00,PM25,16.55
ST093,2026-01-04 12:00:00,PM25,11.96
ST093,2026-01-04 16:00:00,PM25,15.34
ST093,2026-01-04 20:00:00,PM25,22.03
ST094,2026-01-01 00:00:00,PM25,19.75
ST094,2026-01-01 04:00:00,PM25,19.98
ST094,2026-01-01 08:00:00,PM25,17.02
ST094,2026-01-01 12:00:00,PM25,17.67
ST094,2026-01-01 16:00:00,PM25,14.49
ST094,2026-01-01 20:00:00,PM25,26.24
ST094,2026-01-02 00:00:00,PM25,
ST094,2026-01-02 04:00:00,PM25,18.39
ST094,2026-01-02 08:00:00,PM25,8.2
ST094,2026-01-02 12:00:00,PM25,9.92
ST094,2026-01-02 16:00:00,PM25,9.2
ST094,2026-01-02 20:00:00,PM25,23.92
ST094,2026-01-03 00:00:00,PM25,15.76
ST094,2026-01-03 04:00:00,PM25,24.27
ST094,2026-01-03 08:00:00,PM25,9.58
ST094,2026-01-03 12:00:00,PM25,7.51
ST094,2026-01-03 16:00:00,PM25,
ST094,2026-01-03 20:00:00,PM25,17.79
ST094,2026-01-04 00:00:00,PM25,13.7
ST094,2026-01-04 04:00:00,PM25,20.88
ST094,2026-01-04 08:00:00,PM25,11.05
ST094,2026-01-04 12:00:00,PM25,17.06
ST094,2026-01-04 16:00:00,PM25,15.3
ST094,2026-01-04 20:00:00,PM25,27.72
ST095,2026-01-01 00:00:00,PM10,24.22
ST095,2026-01-01 04:00:00,PM10,27.38
ST095,2026-01-01 08:00:00,PM10,31.78
ST095,2026-01-01 12:00:00,PM10,18.3
ST095,2026-01-01 16:00:00,PM10,27.82
ST095,2026-01-01 20:00:00,PM10,38.75
ST095,2026-01-02 00:00:00,PM10,30.29
ST095,2026-01-02 04:00:00,PM10,29.51
ST095,2026-01-02 08:00:00,PM10,29.33
ST095,2026-01-02 12:00:00,PM10,20.16
ST095,2026-01-02 16:00:00,PM10,34.05
ST095,2026-01-02 20:00:00,PM10,24.91
ST095,2026-01-03 00:00:00,PM10,
ST095,2026-01-03 04:00:00,PM10,28.92
ST095,2026-01-03 08:00:00,PM10,
ST095,2026-01-03 12:00:00,PM10,25.51
ST095,2026-01-03 16:00:00,PM10,24.54
ST095,2026-01-03 20:00:00,PM10,36.77
ST095,2026-01-04 00:00:00,PM10,30.72
ST095,2026-01-04 04:00:00,PM10,23.76
ST095,2026-01-04 08:00:00,PM10,
ST095,2026-01-04 12:00:00,PM10,25.55
ST095,2026-01-04 16:00:00,PM10,
ST095,2026-01-04 20:00:00,PM10,29.36
ST096,2026-01-01 00:00:00,PM25,13.43
ST096,2026-01-01 04:00:00,PM25,10.78
ST096,2026-01-01 08:00:00,PM25,21.88
ST096,2026-01-01 12:00:00,PM25,
ST096,2026-01-01 16:00:00,PM25,17.24
ST096,2026-01-01 20:00:00,PM25,21.8
ST096,2026-01-02 00:00:00,PM25,18.5
ST096,2026-01-02 04:00:00,PM25,15.33
ST096,2026-01-02 08:00:00,PM25,10.47
ST096,2026-01-02 12:00:00,PM25,12.2
ST096,2026-01-02 16:00:00,PM25,6.33
ST096,2026-01-02 20:00:00,PM25,19.02
ST096,2026-01-03 00:00:00,PM25,15.01
ST096,2026-01-03 04:00:00,PM25,3.92
ST096,2026-01-03 08:00:00,PM25,11.54
ST096,2026-01-03 12:00:00,PM25,8.55
ST096,2026-01-03 16:00:00,PM25,10.1
ST096,2026-01-03 20:00:00,PM25,11.65
ST096,2026-01-04 00:00:00,PM25,12.9
ST096,2026-01-04 04:00:00,PM25,10.55
ST096,2026-01-04 08:00:00,PM25,7.0
ST096,2026-01-04 12:00:00,PM25,8.24
ST096,2026-01-04 16:00:00,PM25,1.0
ST096,2026-01-04 20:00:00,PM25,23.82
ST097,2026-01-01 00:00:00,PM25,14.28
ST097,2026-01-01 04:00:00,PM25,18.73
ST097,2026-01-01 08:00:00,PM25,7.17
ST097,2026-01-01 12:00:00,PM25,14.26
ST097,2026-01-01 16:00:00,PM25,
ST097,2026-01-01 20:00:00,PM25,24.71
ST097,2026-01-02 00:00:00,PM25,
ST097,2026-01-02 04:00:00,PM25,26.15
ST097,2026-01-02 08:00:00,PM25,19.37
ST097,2026-01-02 12:00:00,PM25,17.73
ST097,2026-01-02 16:00:00,PM25,13.2
ST097,2026-01-02 20:00:00,PM25,25.82
ST097,2026-01-03 00:00:00,PM25,21.07
ST097,2026-01-03 04:00:00,PM25,13.32
ST097,2026-01-03 08:00:00,PM25,16.6
ST097,2026-01-03 12:00:00,PM25,13.73
ST097,2026-01-03 16:00:00,PM25,17.42
ST097,2026-01-03 20:00:00,PM25,23.98
ST097,2026-01-04 00:00:00,PM25,
ST097,2026-01-04 04:00:00,PM25,16.24
ST097,2026-01-04 08:00:00,PM25,21.0
ST097,2026-01-04 12:00:00,PM25,14.56
ST097,2026-01-04 16:00:00,PM25,11.8
ST097,2026-01-04 20:00:00,PM25,
ST098,2026-01-01 00:00:00,PM25,26.03
ST098,2026-01-01 04:00:00,PM25,26.82
ST098,2026-01-01 08:00:00,PM25,17.66
ST098,2026-01-01 12:00:00,PM25,16.33
ST098,2026-01-01 16:00:00,PM25,26.44
ST098,2026-01-01 20:00:00,PM25,29.4
ST098,2026-01-02 00:00:00,PM25,24.27
ST098,2026-01-02 04:00:00,PM25,27.63
ST098,2026-01-02 08:00:00,PM25,14.33
ST098,2026-01-02 12:00:00,PM25,21.62
ST098,2026-01-02 16:00:00,PM25,15.09
ST098,2026-01-02 20:00:00,PM25,26.04
ST098,2026-01-03 00:00:00,PM25,23.37
ST098,2026-01-03 04:00:00,PM25,29.27
ST098,2026-01-03 08:00:00,PM25,14.73
ST098,2026-01-03 12:00:00,PM25,11.79
ST098,2026-01-03 16:00:00,PM25,19.55
ST098,2026-01-03 20:00:00,PM25,
ST098,2026-01-04 00:00:00,PM25,26.82
ST098,2026-01-04 04:00:00,PM25,
ST098,2026-01-04 08:00:00,PM25,18.07
ST098,2026-01-04 12:00:00,PM25,7.71
ST098,2026-01-04 16:00:00,PM25,20.7
ST098,2026-01-04 20:00:00,PM25,14.89
ST099,2026-01-01 00:00:00,PM25,30.67
ST099,2026-01-01 04:00:00,PM25,30.27
ST099,2026-01-01 08:00:00,PM25,28.97
ST099,2026-01-01 12:00:00,PM25,16.34
ST099,2026-01-01 16:00:00,PM25,24.3
ST099,2026-01-01 20:00:00,PM25,25.93
ST099,2026-01-02 00:00:00,PM25,25.16
ST099,2026-01-02 04:00:00,PM25,
ST099,2026-01-02 08:00:00,PM25,20.71
ST099,2026-01-02 12:00:00,PM25,14.72
ST099,2026-01-02 16:00:00,PM25,26.73
ST099,2026-01-02 20:00:00,PM25,
ST099,2026-01-03 00:00:00,PM25,26.75
ST099,2026-01-03 04:00:00,PM25,23.83
ST099,2026-01-03 08:00:00,PM25,14.09
ST099,2026-01-03 12:00:00,PM25,14.58
ST099,2026-01-03 16:00:00,PM25,18.91
ST099,2026-01-03 20:00:00,PM25,23.67
ST099,2026-01-04 00:00:00,PM25,26.95
ST099,2026-01-04 04:00:00,PM25,25.4
ST099,2026-01-04 08:00:00,PM25,21.13
ST099,2026-01-04 12:00:00,PM25,
ST099,2026-01-04 16:00:00,PM25,17.75
ST099,2026-01-04 20:00:00,PM25,28.01
ST100,2026-01-01 00:00:00,PM10,
ST100,2026-01-01 04:00:00,PM10,51.47
ST100,2026-01-01 08:00:00,PM10,57.8
ST100,2026-01-01 12:00:00,PM10,44.19
ST100,2026-01-01 16:00:00,PM10,47.26
ST100,2026-01-01 20:00:00,PM10,63.76
ST100,2026-01-02 00:00:00,PM10,45.4
ST100,2026-01-02 04:00:00,PM10,62.2
ST100,2026-01-02 08:00:00,PM10,
ST100,2026-01-02 12:00:00,PM10,43.37
ST100,2026-01-02 16:00:00,PM10,52.34
ST100,2026-01-02 20:00:00,PM10,60.8
ST100,2026-01-03 00:00:00,PM10,40.94
ST100,2026-01-03 04:00:00,PM10,55.94
ST100,2026-01-03 08:00:00,PM10,45.4
ST100,2026-01-03 12:00:00,PM10,39.3
ST100,2026-01-03 16:00:00,PM10,
ST100,2026-01-03 20:00:00,PM10,42.07
ST100,2026-01-04 00:00:00,PM10,42.29
ST100,2026-01-04 04:00:00,PM10,54.58
ST100,2026-01-04 08:00:00,PM10,38.11
ST100,2026-01-04 12:00:00,PM10,41.13
ST100,2026-01-04 16:00:00,PM10,
ST100,2026-01-04 20:00:00,PM10,46.82
