station_id,district,latitude,longitude,elevation_m,installed_year,height_m
ST001,STARE_MIASTO,51.122992,16.996481,44,2021,9
ST002,KRZYKI,51.107813,17.001155,46,2025,5
ST003,SRODMIESCIE,51.112634,17.088612,24,2020,13
ST004,STARE_MIASTO,51.088205,16.974858,51,2012,8
ST005,FABRYCZNA,51.127644,16.958874,74,2007,4
ST006,SRODMIESCIE,51.130775,17.0638,70,2018,17
ST007,STARE_MIASTO,51.12149,17.091232,32,2021,5
ST008,STARE_MIASTO,51.095357,16.977633,59,2009,10
ST009,FABRYCZNA,51.068022,16.917377,54,2007,25
ST010,KRZYKI,51.183985,17.055076,35,2007,3
ST011,KRZYKI,51.09137,17.005982,43,2022,11
ST012,SRODMIESCIE,51.161809,17.061282,47,2014,4
ST013,PSIE_POLE,51.086886,17.105548,49,2020,12
ST014,SRODMIESCIE,51.158896,17.035028,32,2020,5
ST015,KRZYKI,51.056617,17.123639,37,2015,5
ST016,FABRYCZNA,51.152105,16.973398,47,2022,11
ST017,PSIE_POLE,51.122582,17.142843,43,2011,3
ST018,FABRYCZNA,51.125541,17.021164,52,2014,11
ST019,SRODMIESCIE,51.134504,17.10724,53,2012,19
ST020,PSIE_POLE,51.160506,17.18643,52,2019,3
ST021,STARE_MIASTO,51.061114,17.098737,75,2023,9
ST022,KRZYKI,51.133151,16.994218,36,2009,16
ST023,SRODMIESCIE,51.110689,17.054795,47,2024,21
ST024,SRODMIESCIE,51.12767,17.080758,19,2006,11
ST025,STARE_MIASTO,51.079487,16.983947,36,2023,18
ST026,FABRYCZNA,51.073076,16.959225,42,2022,9
ST027,KRZYKI,51.117097,17.060025,70,2016,7
ST028,FABRYCZNA,51.111665,16.9677,52,2011,4
ST029,FABRYCZNA,51.122667,16.967129,87,2009,6
ST030,STARE_MIASTO,51.098942,16.974162,41,2017,14
ST031,STARE_MIASTO,51.151205,17.003537,40,2015,10
ST032,SRODMIESCIE,51.087315,17.033822,36,2010,11
ST033,KRZYKI,51.02048,16.979818,81,2011,4
ST034,KRZYKI,51.146292,17.154703,32,2010,9
ST035,KRZYKI,51.093954,17.107648,35,2024,17
ST036,FABRYCZNA,51.134717,16.942954,47,2008,3
ST037,FABRYCZNA,51.111164,16.947345,53,2022,15
ST038,PSIE_POLE,51.180945,17.131217,55,2007,12
ST039,FABRYCZNA,51.119503,16.929138,54,2015,31
ST040,STARE_MIASTO,51.182261,17.095634,55,2009,6
ST041,KRZYKI,51.043066,17.086146,53,2014,3
ST042,SRODMIESCIE,51.15696,17.073177,33,2024,8
ST043,STARE_MIASTO,51.11823,17.034799,45,2020,10
ST044,KRZYKI,51.08734,17.09736,11,2008,10
ST045,SRODMIESCIE,51.130678,17.06684,44,2014,14
ST046,SRODMIESCIE,51.184957,16.993646,62,2015,9
ST047,KRZYKI,51.079854,16.996384,44,2021,16
ST048,KRZYKI,51.142631,17.085596,56,2024,24
ST049,STARE_MIASTO,51.124365,17.06582,45,2021,7
ST050,FABRYCZNA,51.154135,16.910868,61,2018,10
ST051,FABRYCZNA,51.160494,16.988035,77,2017,3
ST052,FABRYCZNA,51.117157,16.91112,42,2007,22
ST053,STARE_MIASTO,51.131314,17.004743,34,2007,3
ST054,STARE_MIASTO,51.08551,17.04518,67,2011,16
ST055,STARE_MIASTO,51.028805,17.044875,51,2024,23
ST056,STARE_MIASTO,51.036787,17.009056,58,2021,3
ST057,KRZYKI,51.133658,17.053234,62,2024,17
ST058,PSIE_POLE,51.182897,17.134315,53,2021,13
ST059,FABRYCZNA,51.089283,16.952099,47,2025,18
ST060,FABRYCZNA,51.082451,16.953,72,2008,6
ST061,STARE_MIASTO,51.080221,17.040792,62,2008,21
ST062,PSIE_POLE,51.175488,17.158673,58,2013,28
ST063,PSIE_POLE,51.138319,17.044859,74,2006,12
ST064,STARE_MIASTO,51.154834,16.96861,31,2019,3
ST065,PSIE_POLE,51.117705,17.142585,57,2020,3
ST066,PSIE_POLE,51.064646,17.127174,42,2021,15
ST067,PSIE_POLE,51.170068,17.13053,61,2019,15
ST068,KRZYKI,51.057336,17.031316,52,2023,17
ST069,FABRYCZNA,51.105719,16.978847,46,2006,17
ST070,KRZYKI,51.012243,16.986641,27,2006,3
ST071,FABRYCZNA,51.095761,16.987977,45,2008,19
ST072,KRZYKI,51.128469,17.035734,70,2021,12
ST073,SRODMIESCIE,51.095191,17.031224,27,2007,9
ST074,FABRYCZNA,51.147625,17.026831,29,2009,14
ST075,FABRYCZNA,51.083081,16.976988,48,2015,18
ST076,KRZYKI,51.060825,17.017144,33,2020,7
ST077,KRZYKI,51.096976,17.03093,54,2014,21
ST078,STARE_MIASTO,51.097002,16.973626,66,2008,9
ST079,PSIE_POLE,51.184511,17.140335,48,2019,25
ST080,STARE_MIASTO,51.181694,17.035475,52,2014,19
ST081,STARE_MIASTO,51.079402,17.046023,49,2025,6
ST082,KRZYKI,51.026365,16.955581,33,2014,8
ST083,SRODMIESCIE,51.114238,17.132489,66,2007,14
ST084,FABRYCZNA,51.105252,16.946625,52,2017,16
ST085,FABRYCZNA,51.107626,17.000554,32,2016,30
ST086,FABRYCZNA,51.127308,17.015329,51,2018,16
ST087,STARE_MIASTO,51.107013,17.025884,38,2010,6
ST088,KRZYKI,51.105295,17.081911,55,2012,9
ST089,FABRYCZNA,51.135389,16.945653,64,2007,9
ST090,PSIE_POLE,51.075822,17.065198,70,2020,18
ST091,FABRYCZNA,51.094318,16.8979,5,2016,28
ST092,STARE_MIASTO,51.124221,17.010317,56,2025,3
ST093,KRZYKI,51.071594,17.042479,48,2019,14
ST094,KRZYKI,51.105391,17.010965,63,2010,23
ST095,KRZYKI,51.048045,17.002992,70,2019,21
ST096,PSIE_POLE,51.130011,17.183202,51,2008,13
ST097,KRZYKI,51.136765,17.024029,35,2010,15
ST098,FABRYCZNA,51.064698,16.983499,41,2024,20
ST099,FABRYCZNA,51.035701,16.926537,24,2022,13
ST100,SRODMIESCIE,51.118227,17.044865,47,2022,13
