dispatch_id,timestamp,product_id,quantity,total_weight_kg
1,2023-07-01 10:48:37,Q6ESP75R,24,12.48
2,2023-07-01 11:41:31,XQVVKRQ3,39,40.17
3,2023-07-01 13:44:23,BZ6G6CMJ,4,4.0
4,2023-07-01 14:02:51,Q6ESP75R,20,10.4
5,2023-07-01 14:59:38,Q6ESP75R,32,16.64
6,2023-07-01 15:29:37,M3KWSJ67,12,6.24
7,2023-07-01 17:33:15,X7WE4EP9,31,4.96
8,2023-07-01 18:39:13,VP5NCD33,17,3.57
9,2023-07-01 19:20:12,VP5NCD33,32,6.72
10,2023-07-01 20:30:17,BQJW4VVV,17,7.14
11,2023-07-02 19:53:14,WV6S29A4,12,6.24
12,2023-07-03 06:55:01,YQNMFKGM,13,2.86
13,2023-07-03 09:25:15,JSSK3KST,33,33.99
14,2023-07-03 13:34:04,X7WE4EP9,12,1.92
15,2023-07-03 14:51:04,YQNMFKGM,18,3.96
16,2023-07-03 18:30:19,X7WE4EP9,17,2.72
17,2023-07-04 09:33:04,4QGSCVZT,22,23.1
18,2023-07-04 09:48:02,NZ2Z6VVH,50,26.0
19,2023-07-04 10:19:20,TVPMX3Q8,5,2.1
20,2023-07-04 13:22:56,SVJZ5YQ3,19,7.98
21,2023-07-04 14:42:42,CDBSWMDZ,46,23.92
22,2023-07-04 15:35:36,6BB22NDY,12,2.64
23,2023-07-04 16:51:04,PSTAERSM,24,5.04
24,2023-07-04 17:41:31,SVJZ5YQ3,11,4.62
25,2023-07-04 18:27:53,D4WAW6RP,24,5.28
26,2023-07-04 20:13:58,M3KWSJ67,6,3.12
27,2023-07-05 07:29:12,J4H848RE,38,16.34
28,2023-07-05 08:28:36,SVJZ5YQ3,9,3.78
29,2023-07-05 09:31:54,H995SZPT,7,7.35
30,2023-07-05 11:46:34,3K8HYYKV,10,10.5
31,2023-07-05 14:34:06,NGJ6P5S6,33,6.93
32,2023-07-05 14:35:11,M2FPXB2R,19,7.98
33,2023-07-05 15:14:32,NZ2Z6VVH,23,11.96
34,2023-07-05 16:54:58,2S7WFWDT,23,2.53
35,2023-07-05 17:59:19,56G8FH4H,40,5.2
36,2023-07-05 19:44:42,BZ6G6CMJ,7,7.0
37,2023-07-05 20:41:36,56G8FH4H,33,4.29
38,2023-07-06 08:30:56,R9WDAAKQ,28,6.16
39,2023-07-06 12:14:38,9ZQHATAP,9,4.68
40,2023-07-06 12:54:26,VP5NCD33,16,3.36
41,2023-07-06 13:50:22,JXFS7FCC,5,5.25
42,2023-07-06 18:00:37,2S7WFWDT,32,3.52
43,2023-07-06 20:24:26,6BB22NDY,25,5.5
44,2023-07-07 08:55:20,Y4VMX5PE,34,17.68
45,2023-07-07 13:51:22,WRJK577T,13,13.65
46,2023-07-07 14:02:27,VKXXAHSC,2,0.84
47,2023-07-08 06:31:37,Y4VMX5PE,8,4.16
48,2023-07-08 08:43:20,6VCEP9SY,45,47.25
49,2023-07-08 14:54:18,H995SZPT,2,2.1
50,2023-07-08 16:25:19,YQNMFKGM,12,2.64
51,2023-07-08 17:44:21,38YNY32B,13,5.46
52,2023-07-08 19:32:23,BZ6G6CMJ,11,11.0
53,2023-07-09 08:32:27,9KN6Z2QX,59,30.68
54,2023-07-09 08:39:02,D4WAW6RP,20,4.4
55,2023-07-09 09:35:53,Y3Y9KJ49,2,1.04
56,2023-07-09 11:29:45,WRJK577T,39,40.95
57,2023-07-09 12:40:40,YH43EW7Z,15,6.0
58,2023-07-09 15:19:41,X7WE4EP9,20,3.2
59,2023-07-09 17:27:31,ZVF8GFHC,31,8.06
60,2023-07-09 18:46:01,NGJ6P5S6,39,8.19
61,2023-07-09 19:24:11,PHJ78SQ5,6,1.92
62,2023-07-10 07:31:30,7M3YPZX4,55,57.75
63,2023-07-10 07:31:30,7M3YPZX4,55,57.75
64,2023-07-10 07:36:04,CVGKWEKG,45,36.0
65,2023-07-10 07:36:04,CVGKWEKG,45,36.0
66,2023-07-10 07:56:24,WFG7CVR4,37,15.54
67,2023-07-10 07:56:24,WFG7CVR4,37,15.54
68,2023-07-10 11:04:24,JXFS7FCC,12,12.6
69,2023-07-10 11:04:24,JXFS7FCC,12,12.6
70,2023-07-10 13:10:05,D4WAW6RP,13,2.86
71,2023-07-10 13:10:05,D4WAW6RP,13,2.86
72,2023-07-10 14:28:27,YH43EW7Z,21,8.4
73,2023-07-10 14:28:27,YH43EW7Z,21,8.4
74,2023-07-10 14:52:01,CVGKWEKG,28,22.4
75,2023-07-10 14:52:01,CVGKWEKG,28,22.4
76,2023-07-10 15:25:02,WDTP6NB3,24,2.64
77,2023-07-10 15:25:02,WDTP6NB3,24,2.64
78,2023-07-11 13:32:58,BQJW4VVV,9,3.78
79,2023-07-11 13:32:58,BQJW4VVV,9,3.78
80,2023-07-11 18:02:47,XDG8QTVM,30,15.6
81,2023-07-11 18:02:47,XDG8QTVM,30,15.6
82,2023-07-12 07:16:02,MRDWM7KH,16,8.8
83,2023-07-12 07:16:02,MRDWM7KH,16,8.8
84,2023-07-12 10:14:03,JXFS7FCC,17,17.85
85,2023-07-12 10:14:03,JXFS7FCC,17,17.85
86,2023-07-12 10:46:11,2S7WFWDT,27,2.97
87,2023-07-12 10:46:11,2S7WFWDT,27,2.97
88,2023-07-12 13:48:29,9KN6Z2QX,41,21.32
89,2023-07-12 13:48:29,9KN6Z2QX,41,21.32
90,2023-07-12 17:53:23,3M9FEY7D,25,26.25
91,2023-07-12 17:53:23,3M9FEY7D,25,26.25
92,2023-07-13 08:05:47,NZ2Z6VVH,39,20.28
93,2023-07-13 08:05:47,NZ2Z6VVH,39,20.28
94,2023-07-13 13:12:49,8S2TFS89,12,10.8
95,2023-07-13 13:12:49,8S2TFS89,12,10.8
96,2023-07-13 16:53:08,C75VQD4N,9,4.68
97,2023-07-13 16:53:08,C75VQD4N,9,4.68
98,2023-07-13 18:23:26,R9WDAAKQ,28,6.16
99,2023-07-13 18:23:26,R9WDAAKQ,28,6.16
100,2023-07-13 18:25:23,WDTP6NB3,40,4.4
101,2023-07-13 18:25:23,WDTP6NB3,40,4.4
102,2023-07-14 09:02:07,MPXDRFQ5,39,8.58
103,2023-07-14 09:02:07,MPXDRFQ5,39,8.58
104,2023-07-14 16:17:32,KP7HEZVM,43,18.49
105,2023-07-14 16:17:32,KP7HEZVM,43,18.49
106,2023-07-14 16:20:26,NGJ6P5S6,34,7.14
107,2023-07-14 16:20:26,NGJ6P5S6,34,7.14
108,2023-07-14 20:02:20,D4WAW6RP,33,7.26
109,2023-07-14 20:02:20,D4WAW6RP,33,7.26
110,2023-07-15 06:45:07,Q6ESP75R,14,7.28
111,2023-07-15 12:26:20,BQJW4VVV,7,2.94
112,2023-07-15 13:45:56,RJ8SBX78,16,14.72
113,2023-07-15 14:57:42,WV6S29A4,36,18.72
114,2023-07-15 18:00:47,WV6S29A4,20,10.4
115,2023-07-15 18:03:57,56G8FH4H,18,2.34
116,2023-07-16 12:03:41,CJMZCQ36,16,6.72
117,2023-07-16 12:15:12,WRJK577T,57,59.85
118,2023-07-16 12:30:30,3M9FEY7D,16,16.8
119,2023-07-16 15:03:45,7M3YPZX4,60,63.0
120,2023-07-16 15:38:14,XWGGJB72,41,17.63
121,2023-07-16 19:52:21,X62MEHYA,24,5.04
122,2023-07-17 06:48:02,WV6S29A4,31,16.12
123,2023-07-17 09:32:08,Q7YA6YJ5,12,18.6
124,2023-07-17 12:06:02,MRDWM7KH,8,4.4
125,2023-07-17 13:34:32,2S7WFWDT,40,4.4
126,2023-07-17 18:54:38,2S7WFWDT,37,4.07
127,2023-07-18 03:17:00,BZ6G6CMJ,50,50.0
128,2023-07-18 03:17:00,JW2NGHNN,15,15.75
129,2023-07-18 03:17:00,9ZQHATAP,20,10.4
130,2023-07-18 03:17:00,8S2TFS89,220,198.0
131,2023-07-18 03:17:00,8WKVXJ8T,80,44.0
132,2023-07-18 03:17:00,3K8HYYKV,25,26.25
133,2023-07-18 03:17:00,S6KEE3MX,30,12.6
134,2023-07-18 03:17:00,WKMNYJ7M,40,20.8
135,2023-07-18 09:44:49,ESMJ8RTM,9,4.68
136,2023-07-18 16:17:10,JQQZB92E,7,7.35
137,2023-07-18 19:48:06,CVGKWEKG,59,47.2
138,2023-07-19 06:44:19,MPXDRFQ5,22,4.84
139,2023-07-19 07:25:32,VP5NCD33,58,12.18
140,2023-07-19 07:25:35,YQNMFKGM,17,3.74
141,2023-07-19 07:58:53,4QGSCVZT,13,13.65
142,2023-07-19 08:01:05,X62MEHYA,42,8.82
143,2023-07-19 08:44:37,J4H848RE,30,12.9
144,2023-07-19 14:01:53,NZ2Z6VVH,38,19.76
145,2023-07-19 16:11:20,AHJC5DJJ,13,4.94
146,2023-07-20 10:27:11,XWGGJB72,49,21.07
147,2023-07-20 14:17:44,Q6ESP75R,25,13.0
148,2023-07-21 07:05:13,CNSYM5KE,5,1.1
149,2023-07-21 08:03:40,JW2NGHNN,3,3.15
150,2023-07-21 09:29:18,CVGKWEKG,38,30.4
151,2023-07-21 11:54:16,PSTAERSM,41,8.61
152,2023-07-22 17:41:05,WDTP6NB3,38,4.18
153,2023-07-22 18:01:49,WKMNYJ7M,16,8.32
154,2023-07-23 06:06:22,J4H848RE,47,20.21
155,2023-07-23 12:56:31,S6KEE3MX,12,5.04
156,2023-07-23 13:20:19,PHJ78SQ5,10,3.2
157,2023-07-23 16:03:45,WRJK577T,22,23.1
158,2023-07-23 17:02:24,64BN3AKZ,19,4.94
159,2023-07-23 18:51:48,6BB22NDY,9,1.98
160,2023-07-24 15:32:35,JXFS7FCC,6,6.3
161,2023-07-24 16:12:38,JXFS7FCC,9,9.45
162,2023-07-24 17:05:08,Y3Y9KJ49,3,1.56
163,2023-07-24 17:55:36,JQQZB92E,6,6.3
164,2023-07-24 18:48:46,VA45S8V2,43,18.49
165,2023-07-24 19:07:30,3K8HYYKV,6,6.3
166,2023-07-24 19:47:02,CJ43XZAV,24,12.48
167,2023-07-24 20:13:57,NGJ6P5S6,16,3.36
168,2023-07-25 09:02:09,6BB22NDY,37,8.14
169,2023-07-25 09:30:00,5901234567891,18,21.6
170,2023-07-25 13:42:48,2WHVNHPY,6,1.32
171,2023-07-25 13:59:27,YQNMFKGM,25,5.5
172,2023-07-25 15:47:19,VP5NCD33,22,4.62
173,2023-07-25 18:30:06,DAJV49SM,32,3.52
174,2023-07-26 08:34:09,R9WDAAKQ,24,5.28
175,2023-07-26 09:44:26,YH43EW7Z,59,23.6
176,2023-07-26 17:01:24,NZ2Z6VVH,51,26.52
177,2023-07-26 17:45:43,56G8FH4H,14,1.82
178,2023-07-26 20:11:25,2HPSYNG4,11,11.55
179,2023-07-27 10:50:46,Q7YA6YJ5,48,74.4
180,2023-07-27 15:12:56,MPXDRFQ5,30,6.6
181,2023-07-27 16:38:07,JXFS7FCC,20,21.0
182,2023-07-27 17:29:39,MRDWM7KH,18,9.9
183,2023-07-27 17:53:28,4QGSCVZT,11,11.55
184,2023-07-27 19:58:14,WNB5WYZX,24,25.2
185,2023-07-27 20:22:59,R9WDAAKQ,38,8.36
186,2023-07-28 06:49:51,VP5NCD33,16,3.36
187,2023-07-28 08:37:10,D4WAW6RP,30,6.6
188,2023-07-28 11:36:15,CJMZCQ36,9,3.78
189,2023-07-28 15:38:18,MPXDRFQ5,16,3.52
190,2023-07-28 16:49:40,TVPMX3Q8,20,8.4
191,2023-07-28 20:45:58,RJ8SBX78,58,53.36
192,2023-07-29 06:07:04,VKXXAHSC,12,5.04
193,2023-07-29 09:59:49,9ZQHATAP,3,1.56
194,2023-07-29 10:54:44,VA45S8V2,9,3.87
195,2023-07-29 12:59:23,8WKVXJ8T,7,3.85
196,2023-07-29 13:08:20,ESMJ8RTM,3,1.56
197,2023-07-29 13:50:54,M2RHAZSD,12,5.04
198,2023-07-29 15:14:39,WNB5WYZX,15,15.75
199,2023-07-29 18:33:25,XWGGJB72,36,15.48
200,2023-07-29 18:43:42,CVGKWEKG,33,26.4
201,2023-07-29 20:17:15,YQNMFKGM,29,6.38
202,2023-07-30 06:39:07,2WHVNHPY,11,2.42
203,2023-07-30 07:21:05,D4WAW6RP,23,5.06
204,2023-07-30 10:55:31,X7WE4EP9,57,9.12
205,2023-07-30 11:30:45,C75VQD4N,5,2.6
206,2023-07-30 13:23:46,S6KEE3MX,12,5.04
207,2023-07-30 17:03:15,D4WAW6RP,17,3.74
208,2023-07-30 20:23:56,PHJ78SQ5,8,2.56
209,2023-07-31 06:46:45,Y3Y9KJ49,4,2.08
210,2023-07-31 07:23:59,M2FPXB2R,7,2.94
211,2023-07-31 12:30:15,Z52MAEBY,50,16.0
212,2023-07-31 14:41:25,MPXDRFQ5,29,6.38
213,2023-07-31 20:56:59,WV6S29A4,36,18.72
