id,date,hours_worked,performed_tasks,employee_id,facility_id,salary_amount,bonus
291,2025-03-18,3,"[304, 939]",79011320010,DQI566ecs,1221.0,800.0
203,2025-03-22,2,[590],84731091580,ICE284hap,567.0,160.0
304,2025-06-16,4,"[253, 956, 959]",88032898468,XEB805tup,621.0,760.0
186,2025-03-15,3,[],68011810139,ICE284hap,486.0,0.0
793,2025-06-11,5,"[123, 900]",62020111425,EJE533apv,3483.0,450.0
794,2025-03-25,7,"[123, 296]",68011810139,ICE284hap,837.0,325.0
932,2025-05-27,2,"[148, 961]",97042365105,DQI566ecs,1053.0,790.0
331,2025-04-10,8,[146],83051228593,XEB805tup,378.0,500.0
61,2025-06-06,4,"[304, 452]",75020759171,EJE533apv,270.0,440.0
177,2025-04-19,4,[],96091261059,XEB805tup,945.0,0.0
521,2025-06-10,2,"[146, 561]",65102880642,DQI566ecs,190.0,1000.0
799,2025-03-31,1,[900],75020759171,DQI566ecs,1026.0,160.0
35,2025-05-29,1,"[221, 765, 867, 939]",96091261059,ICE284hap,1470.0,665.0
946,2025-04-12,8,"[447, 590]",83012358273,DQI566ecs,682.0,660.0
474,2025-04-22,3,"[253, 900, 939]",99052424159,ICE284hap,1330.0,820.0
867,2025-05-06,1,[],83012358273,XEB805tup,31.0,0.0
798,2025-03-04,5,"[304, 946]",16102016795,DQI566ecs,135.0,590.0
300,2025-03-11,4,"[253, 946, 978]",79112415509,ICE284hap,585.0,590.0
348,2025-04-05,4,"[123, 242, 387, 964]",74010542940,DQI566ecs,350.0,805.0
590,2025-05-13,3,[],79011320010,EJE533apv,666.0,0.0
785,2025-03-06,3,"[867, 900, 961]",68011910138,XEB805tup,162.0,800.0
769,2025-05-03,5,[561],89122397942,DQI566ecs,777.0,500.0
192,2025-03-31,8,[],77012675986,XEB805tup,1178.0,0.0
358,2025-06-21,7,[],79011320010,APV440ysv,1147.0,0.0
548,2025-05-19,7,[304],15720759071,EJE533apv,2700.0,300.0
391,2025-03-27,8,[146],96102016751,DQI566ecs,1458.0,500.0
97,2025-03-22,5,[946],83051228593,APV440ysv,1161.0,290.0
44,2025-03-25,8,[],87031491580,EJE533apv,1350.0,0.0
647,2025-04-09,1,"[359, 959, 961]",79011320010,EJE533apv,703.0,851.0
850,2025-05-27,2,"[447, 900]",89122397942,XEB805tup,1517.0,660.0
875,2025-04-08,4,"[253, 590]",88091613479,EJE533apv,405.0,320.0
169,2025-04-22,1,"[253, 561, 867]",88032898468,APV440ysv,945.0,800.0
630,2025-05-17,3,"[939, 946, 978]",16102016795,XEB805tup,2214.0,930.0
995,2025-03-07,1,"[146, 959]",85100927297,ICE284hap,403.0,800.0
178,2025-06-17,5,[447],68011810139,ICE284hap,405.0,500.0
273,2025-05-22,3,"[244, 900, 961",88032898468,ICE284hap,837.0,727.0
614,2025-03-18,5,[],88091613479,EJE533apv,432.0,0.0
91,2025-04-25,7,[385],62020111425,XEB805tup,1782.0,290.0
893,2025-03-26,6,"[632, 864, 867, 946, 959]",99052424159,XEB805tup,1672.0,801.0
144,2025-06-18,2,"[385, 939",83051228593,XEB805tup,756.0,790.0
990,2025-06-31,2,"[447, 939]",96102016751,XEB805tup,1296.0,1000.0
654,2025-06-11,4,"[385, 590, 946]",77012675986,EJE533apv,496.0,740.0
951,2025-03-06,3,[],68011810139,XEB805tup,162.0,0.0
73,2025-04-19,2,[],74010542940,ICE284hap,1085.0,0.0
903,2025-06-04,4,"[123, 304, 590]",02270326116,EJE533apv,270.0,750.0
778,2025-06-24,7,[],65102880642,EJE533apv,760.0,0.0
709,2025-03-29,7,[],75020759171,APV440ysv,999.0,0.0
230,2025-03-04,4,[],97042365105,DQI566ecs,108.0,0.0
727,2025-05-27,6,[946],83051228593,APV440ysv,972.0,290.0
224,2025-04-26,3,"[123, 946, 978]",96102016751,DQI566ecs,729.0,720.0
916,2025-06-24,7,[],74010542940,XEB805tup,1715.0,0.0
813,2025-06-24,5,[987],88091613479,APV440ysv,1053.0,290.0
9,2025-05-20,3,"[867, 961]",68011810139,APV440ysv,621.0,640.0
532,2025-04-31,4,[987],89122397942,APV440ysv,740.0,290.0
185,2025-04-16,7,[],65120677783,XEB805tup,651.0,0.0
642,2025-06-21,3,"[452, 939, 964]",62020111425,APV440ysv,3888.0,940.0
705,2025-03-26,2,"[561, 959]",83051228593,DQI566ecs,1242.0,800.0
193,2025-06-10,3,"[253, 561, 964]",75020759171,EJE533apv,351.0,960.0
753,2025-05-06,5,[148],65102880642,ICE284hap,190.0,290.0
410,2025-03-25,4,[],77012675986,ICE284hap,930.0,0.0
72,2025-06-24,5,"[447, 867, 978]",79112415509,ICE284hap,1170.0,780.0
598,2025-04-07,6,"[387, 900]",15720759071,ICE284hap,1269.0,300.0
210,2025-04-19,6,[],68011810139,APV440ysv,810.0,0.0
612,2025-03-31,1,"[452, 956]",15720759071,DQI566ecs,891.0,440.0
440,2025-04-01,1,"[146, 939]",83051228593,DQI566ecs,27.0,1000.0
238,2025-06-24,5,[148],77012675986,XEB805tup,899.0,290.0
63,2025-05-13,8,"[959, 961]",81050936019,DQI566ecs,341.0,800.0
882,2025-04-08,4,"[387, 964]",81050936019,APV440ysv,527.0,440.0
622,2025-04-26,3,"[959, 978]",96091261059,DQI566ecs,1470.0,440.0
319,2025-06-03,5,[],79011320010,DQI566ecs,185.0,0.0
45,2025-04-26,1,"[447, 452, 961]",74010542940,APV440ysv,1225.0,1140.0
313,2025-06-28,3,[],77012675986,XEB805tup,992.0,0.0
84,2025-05-05,5,[123],89122397942,ICE284hap,962.0,290.0
345,2025-05-09,2,[900],84731091580,ICE284hap,1404.0,160.0
430,2025-04-08,3,"[385, 900]",65102880642,EJE533apv,304.0,450.0
978,2025-05-24,3,"[123, 452, 959]",62020111425,DQI566ecs,2484.0,730.0
740,2025-03-29,6,[946],88032898468,ICE284hap,1431.0,290.0
341,2025-05-19,8,"[452, 978]",16102016795,ICE284hap,2430.0,280.0
670,2025-04-05,6,"[148, 253, 978]",15720759071,APV440ysv,1107.0,590.0
431,2025-06-17,5,"[852, 987]",02270326116,EJE533apv,621.0,371.0
513,2025-03-11,4,"[900, 956, 959]",88091613479,APV440ysv,243.0,760.0
635,2025-03-25,7,"[123, 867, 961]",88032898468,EJE533apv,1269.0,930.0
950,2025-04-19,6,[946],68011910138,APV440ysv,945.0,290.0
268,2025-03-29,6,[253],65020111422,EJE533apv,729.0,160.0
82,2025-06-18,4,[],89122397942,XEB805tup,666.0,0.0
832,2025-04-19,3,[],02270326116,DQI566ecs,702.0,0.0
955,2025-05-06,5,"[220, 667, 939, 946]",02270326116,XEB805tup,135.0,865.0
195,2025-03-11,1,"[590, 900, 939]",85100927297,APV440ysv,682.0,820.0
775,2025-05-19,7,"[146, 304]",75020759171,EJE533apv,783.0,800.0
992,2025-06-20,1,[304],62020111425,ICE284hap,3807.0,300.0
220,2025-06-16,6,"[561, 939]",65120677783,XEB805tup,1085.0,1000.0
361,2025-03-18,7,"[304, 452]",65020111422,ICE284hap,432.0,440.0
967,2025-03-11,8,"[447, 956]",99052424159,DQI566ecs,722.0,800.0
984,2025-05-01,4,"[452, 663, 939]",68011810139,DQI566ecs,1242.0,689.0
303,2025-04-19,6,"[123, 146, 590]",15720759071,APV440ysv,1701.0,950.0
13,2025-03-14,5,[385],84731091580,XEB805tup,486.0,290.0
266,2025-05-20,8,"[148, 867]",77012675986,XEB805tup,837.0,430.0
125,2025-03-10,4,"[304, 447]",99052424159,XEB805tup,418.0,800.0
436,2025-04-05,1,[959],65020111422,EJE533apv,297.0,300.0
677,2025-03-06,5,[956],85100927297,DQI566ecs,372.0,300.0
829,2025-06-13,1,[],02270326116,ICE284hap,486.0,0.0
530,2025-06-20,3,"[304, 447]",83012358273,DQI566ecs,992.0,800.0
938,2025-04-08,5,"[452, 867]",96102016751,APV440ysv,324.0,280.0
508,2025-04-15,6,"[253, 590]",62020111425,ICE284hap,1431.0,320.0
646,2025-06-10,5,"[123, 394]",88091613479,APV440ysv,405.0,293.0
960,2025-03-11,1,[959],15720759071,APV440ysv,243.0,300.0
959,2025-06-17,8,"[385, 387]",65020111422,APV440ysv,1026.0,430.0
919,2025-06-03,2,[978],16102016795,XEB805tup,2862.0,140.0
1003,2025-06-10,5,[],88032898468,ICE284hap,513.0,0.0
104,2025-04-08,7,"[946, 978]",79011320010,APV440ysv,666.0,430.0
471,2025-06-03,3,"[106, 146, 939]",83051228593,DQI566ecs,81.0,1059.0
968,2025-04-15,6,[],81050936019,DQI566ecs,713.0,0.0
438,2025-03-12,1,[946],99052424159,EJE533apv,760.0,290.0
652,2025-06-16,3,[],74010542940,DQI566ecs,945.0,0.0
233,2025-06-31,8,"[146, 253, 867]",77012675986,APV440ysv,1240.0,800.0
157,2025-05-26,3,"[304, 987]",02270326116,ICE284hap,729.0,590.0
917,2025-06-13,6,[],79112415509,APV440ysv,630.0,0.0
528,2025-04-08,4,[],89122397942,ICE284hap,185.0,0.0
696,2025-03-14,6,"[978, 987]",81050936019,XEB805tup,899.0,430.0
81,2025-04-29,1,"[447, 867]",87031491580,APV440ysv,648.0,640.0
529,2025-04-24,1,[],77012675986,EJE533apv,930.0,0.0
369,2025-06-05,1,[978],75020759171,EJE533apv,162.0,140.0
1004,2025-06-10,7,"[304, 939]",96102016751,DQI566ecs,567.0,800.0
112,2025-04-08,6,[964],65020111422,XEB805tup,459.0,300.0
757,2025-03-04,5,"[148, 939]",79112415509,ICE284hap,225.0,790.0
518,2025-06-24,5,"[385, 561, 939]",88032898468,ICE284hap,1026.0,1290.0
76,2025-05-14,7,"[123, 867, 964]",83051228593,APV440ysv,486.0,730.0
835,2025-04-10,3,"[253, 900]",87031491580,ICE284hap,405.0,320.0
159,2025-05-06,8,"[123, 253]",75020759171,EJE533apv,216.0,450.0
563,2025-03-12,3,"[978, 983]",79112415509,EJE533apv,720.0,179.0
316,2025-05-20,6,"[253, 964]",83012358273,APV440ysv,589.0,460.0
569,2025-04-01,5,[],79011320010,DQI566ecs,185.0,0.0
180,2025-03-18,4,"[387, 939]",15720759071,ICE284hap,459.0,640.0
858,2025-05-20,3,"[561, 939]",68011910138,APV440ysv,1485.0,1000.0
420,2025-04-04,8,"[253, 304, 987]",83012358273,APV440ysv,403.0,750.0
451,2025-06-05,6,[956],74010542940,DQI566ecs,385.0,300.0
534,2025-06-21,2,"[387, 452]",87031491580,DQI566ecs,702.0,280.0
744,2025-06-24,6,[],97042365105,DQI566ecs,675.0,0.0
934,2025-06-07,7,"[123, 946, 978]",96102016751,ICE284hap,378.0,720.0
490,2025-03-25,4,"[900, 959, 961]",89122397942,DQI566ecs,1184.0,960.0
818,2025-03-25,1,[447],79011320010,APV440ysv,1406.0,500.0
53,2025-05-03,6,[385],85100927297,DQI566ecs,1178.0,290.0
321,2025-04-15,0,[],85100927297,XEB805tup,341.0,0.0
99,2025-03-04,5,[146],89122397942,ICE284hap,185.0,500.0
398,2025-05-12,7,[590],77012675986,ICE284hap,310.0,160.0
375,2025-04-15,8,[146],68011910138,APV440ysv,783.0,500.0
71,2025-05-27,8,"[148, 900, 964]",84731091580,EJE533apv,1620.0,750.0
904,2025-04-28,8,"[900, 939, 987]",81050936019,APV440ysv,1178.0,950.0
281,2025-06-24,5,[148],77012675986,XEB805tup,899.0,290.0
201,2025-06-21,4,[385],74010542940,ICE284hap,1470.0,290.0
416,2025-05-13,8,[253],83051228593,XEB805tup,297.0,160.0
564,2025-04-07,7,"146, 956, 961]",97042365105,EJE533apv,216.0,1300.0
197,2025-06-07,7,"[956, 961]",16102016795,ICE284hap,3186.0,800.0
957,2025-06-24,2,"[146, 148]",75020759171,XEB805tup,459.0,790.0
92,2025-06-02,3,"[452, 765, 964]",65020111422,APV440ysv,756.0,507.0
906,2025-05-28,4,[590],16102016795,DQI566ecs,2808.0,160.0
512,2025-05-20,7,[],02270326116,ICE284hap,648.0,0.0
808,2025-04-29,6,"[123, 447, 987]",97042365105,ICE284hap,1026.0,1080.0
459,2025-03-11,3,"[939, 946]",65020111422,APV440ysv,243.0,790.0
870,2025-03-08,8,"[146, 304]",85100927297,XEB805tup,651.0,800.0
900,2025-06-31,3,"[146, 387]",88091613479,APV440ysv,1161.0,640.0
295,2025-05-16,8,"[387, 447]",74010542940,APV440ysv,735.0,640.0
213,2025-04-29,5,"[447, 452]",81050936019,EJE533apv,1333.0,640.0
849,2025-05-05,1,"[146, 148, 946]",97042365105,EJE533apv,1053.0,1080.0
109,2025-06-19,6,"[452, 964]",96102016751,APV440ysv,1053.0,440.0
825,2025-04-29,4,"[387, 447, 900]",62020111425,DQI566ecs,1998.0,800.0
704,2025-06-05,1,[],65102880642,XEB805tup,114.0,0.0
355,2025-05-07,0,[],81050936019,EJE533apv,31.0,-160.0
135,2025-04-29,8,[304],88032898468,DQI566ecs,1215.0,300.0
453,2025-03-27,4,"[148, 956, 964]",02270326116,APV440ysv,540.0,890.0
154,2025-06-17,3,[],83012358273,DQI566ecs,899.0,0.0
121,2025-06-24,6,[964],68011810139,DQI566ecs,648.0,300.0
141,2025-06-05,7,"[253, 987]",88032898468,XEB805tup,378.0,450.0
423,2025-05-19,8,"[305, 590, 594]",96102016751,ICE284hap,1134.0,189.0
426,2025-05-12,0,[],81050936019,ICE284hap,93.0,-160.0
899,2025-06-30,5,"[123, 253, 964]",79011320010,EJE533apv,1628.0,750.0
880,2025-04-05,1,"[148, 304, 987]",62020111425,EJE533apv,864.0,880.0
140,2025-05-01,4,"[385, 900]",68011910138,DQI566ecs,1188.0,450.0
901,2025-03-26,7,"[253, 978]",85100927297,DQI566ecs,1798.0,300.0
122,2025-04-01,4,"[452, 590, 867]",65020111422,DQI566ecs,108.0,440.0
644,2025-04-01,1,[900],88032898468,APV440ysv,27.0,160.0
60,2025-04-22,1,"[447, 900]",16102016795,ICE284hap,1539.0,660.0
662,2025-05-24,1,[146],81050936019,APV440ysv,713.0,500.0
482,2025-06-05,5,"[561, 939, 946]",96102016751,ICE284hap,189.0,1290.0
942,2025-06-05,5,"[447, 956, 959]",16102016795,ICE284hap,2997.0,1100.0
787,2025-04-10,1,[],88032898468,XEB805tup,567.0,0.0
1000,2025-04-01,4,"[387, 961]",62020111425,DQI566ecs,675.0,640.0
484,2025-04-08,4,"[162, 253, 648, 978]",65120677783,DQI566ecs,372.0,381.0
106,2025-06-19,2,[],81050936019,XEB805tup,620.0,0.0
380,2025-05-28,1,[],88032898468,EJE533apv,1080.0,0.0
464,2025-06-19,1,[900],88032898468,EJE533apv,702.0,160.0
800,2025-04-08,2,"[253, 961, 964]",02270326116,APV440ysv,270.0,960.0
675,2025-05-27,3,[],68011810139,APV440ysv,702.0,0.0
615,2025-03-04,1,"[148, 385, 939]",87031491580,XEB805tup,27.0,1080.0
89,2025-05-13,7,"[148, 561, 959]",85100927297,DQI566ecs,434.0,1090.0
999,2025-04-08,2,"[590, 961]",75020759171,ICE284hap,432.0,660.0
265,2025-06-09,1,"[123, 939]",87031491580,EJE533apv,216.0,790.0
483,2025-05-26,2,"[146, 956, 964]",65120677783,XEB805tup,1116.0,1100.0
522,2025-05-01,2,[],79112415509,ICE284hap,1440.0,0.0
575,2025-03-14,5,[387],85100927297,DQI566ecs,992.0,140.0
520,2025-04-12,8,"[961, 978]",83051228593,EJE533apv,594.0,640.0
982,2025-03-04,3,[987],68011910138,DQI566ecs,81.0,290.0
531,2025-04-29,4,[],65020111422,DQI566ecs,1566.0,0.0
171,2025-05-03,2,"[304, 959, 978]",65102880642,DQI566ecs,1178.0,740.0
595,2025-06-17,1,[],77012675986,APV440ysv,744.0,0.0
450,2025-06-13,3,"[304, 867, 961]",65020111422,APV440ysv,810.0,940.0
607,2025-04-22,0,[],87031491580,APV440ysv,540.0,0.0
579,2025-05-20,1,"[561, 956]",65020111422,ICE284hap,405.0,800.0
189,2025-03-31,8,"[146, 561]",79112415509,APV440ysv,1755.0,1000.0
11,2025-04-16,5,"[387, 867]",88032898468,APV440ysv,864.0,280.0
350,2025-05-27,7,"[452, 852, 987]",88091613479,DQI566ecs,999.0,435.0
184,2025-04-12,2,"[452, 961, 964]",65020111422,XEB805tup,702.0,940.0
819,2025-05-26,4,[],83051228593,ICE284hap,810.0,0.0
592,2025-05-05,8,"[447, 561, 959]",85100927297,ICE284hap,1426.0,1300.0
580,2025-05-28,4,"[148, 253, 447]",96091261059,ICE284hap,1435.0,950.0
419,2025-04-11,5,"[123, 447, 987]",74010542940,DQI566ecs,805.0,1080.0
927,2025-04-29,1,"[385, 959]",79011320010,DQI566ecs,1221.0,590.0
200,2025-03-04,2,"[123, 304, 956]",88091613479,ICE284hap,54.0,890.0
80,2025-04-01,4,"586, 771, 987]",96102016751,EJE533apv,108.0,321.0
811,2025-05-06,6,[964],65020111422,EJE533apv,162.0,300.0
542,2025-04-31,6,"[387, 561]",79011320010,XEB805tup,1443.0,640.0
868,2025-03-18,4,"[123, 148, 961]",02270326116,DQI566ecs,324.0,1080.0
408,2025-04-15,7,"[175, 229, 978]",97042365105,EJE533apv,459.0,177.0
898,2025-03-24,8,"[148, 900, 978]",15720759071,EJE533apv,675.0,590.0
477,2025-03-25,3,[447],79112415509,DQI566ecs,1395.0,500.0
49,2025-05-07,1,"[385, 452]",89122397942,ICE284hap,296.0,430.0
253,2025-06-31,5,[964],79112415509,EJE533apv,1755.0,300.0
533,2025-04-05,3,[],96102016751,XEB805tup,189.0,0.0
241,2025-03-25,4,"[253, 363, 737, 987]",99052424159,XEB805tup,1444.0,533.0
23,2025-04-12,3,"[123, 148]",96091261059,EJE533apv,490.0,580.0
340,2025-06-24,3,"[452, 987]",79011320010,ICE284hap,1369.0,430.0
290,2025-06-17,6,[387],81050936019,ICE284hap,558.0,140.0
754,2025-04-08,2,"[590, 867, 959]",15720759071,ICE284hap,1323.0,600.0
258,2025-03-28,3,"[867, 939, 964]",88091613479,EJE533apv,810.0,940.0
212,2025-05-13,5,[561],02270326116,XEB805tup,432.0,500.0
633,2025-06-21,3,"[447, 939]",65020111422,APV440ysv,1134.0,1000.0
541,2025-05-10,7,"[253, 387]",97042365105,EJE533apv,351.0,300.0
698,2025-06-30,7,"[900, 956]",68011810139,APV440ysv,891.0,460.0
397,2025-05-06,4,"[939, 961, 978]",96091261059,ICE284hap,140.0,1140.0
387,2025-03-28,7,"[661, 886, 956]",81050936019,APV440ysv,1643.0,307.0
151,2025-05-13,8,[148],16102016795,APV440ysv,1998.0,290.0
681,2025-06-02,6,[900],65120677783,EJE533apv,1674.0,160.0
627,2025-06-13,3,"[304, 956, 978]",62020111425,APV440ysv,3564.0,740.0
447,2025-03-17,6,"[197, 385, 447, 935]",83051228593,XEB805tup,621.0,865.0
242,2025-05-27,1,[148],96102016751,ICE284hap,1431.0,290.0
561,2025-05-10,6,"[123, 148]",02270326116,APV440ysv,297.0,580.0
368,2025-04-01,1,[],81050936019,EJE533apv,31.0,0.0
936,2025-03-18,0,[],97042365105,APV440ysv,297.0,-160.0
987,2025-04-22,7,"[304, 956]",88091613479,DQI566ecs,1215.0,600.0
527,2025-06-03,6,"[304, 946]",02270326116,XEB805tup,162.0,590.0
456,2025-05-13,7,[],97042365105,ICE284hap,540.0,0.0
504,2025-05-13,0,[],99052424159,APV440ysv,380.0,0.0
307,2025-05-10,1,[],79011320010,ICE284hap,555.0,0.0
572,2025-05-21,3,[447],96102016751,ICE284hap,1404.0,500.0
120,2025-06-27,8,[],83012358273,APV440ysv,1333.0,0.0
334,2025-04-31,6,"[304, 900]",79112415509,DQI566ecs,1620.0,460.0
611,2025-06-05,1,"[123, 385]",15720759071,EJE533apv,3294.0,580.0
43,2025-03-19,4,[447],79011320010,XEB805tup,1369.0,500.0
501,2025-06-17,1,[],96091261059,XEB805tup,700.0,0.0
83,2025-05-24,3,"[304, 987]",65020111422,DQI566ecs,486.0,590.0
493,2025-05-13,8,[],87031491580,EJE533apv,594.0,0.0
583,2025-04-29,7,"[292, 590, 939]",75020759171,APV440ysv,1107.0,733.0
146,2025-06-28,1,[987],88091613479,DQI566ecs,1080.0,290.0
624,2025-04-15,8,"[253, 987]",75020759171,DQI566ecs,648.0,450.0
958,2025-05-06,8,"[146, 900]",88032898468,APV440ysv,216.0,660.0
887,2025-04-26,3,"[452, 956]",87031491580,ICE284hap,621.0,440.0
814,2025-04-29,3,"[304, 387, 946]",79112415509,XEB805tup,1350.0,730.0
142,2025-05-10,6,"[148, 385, 900]",96102016751,APV440ysv,486.0,740.0
828,2025-05-13,7,"[561, 964]",75020759171,XEB805tup,567.0,800.0
739,2025-05-27,2,"[304, 447, 959]",88032898468,APV440ysv,1053.0,1100.0
437,2025-04-16,3,[],87031491580,DQI566ecs,540.0,0.0
285,2025-05-08,5,[],96091261059,ICE284hap,315.0,0.0
909,2025-03-11,4,"[452, 939, 946]",97042365105,DQI566ecs,216.0,930.0
406,2025-06-10,3,[],85100927297,XEB805tup,341.0,0.0
27,2025-03-10,2,[],83012358273,DQI566ecs,62.0,0.0
373,2025-06-17,3,"[959, 964]",79011320010,EJE533apv,740.0,600.0
344,2025-05-20,3,"[385, 596]",79112415509,XEB805tup,945.0,387.0
249,2025-06-02,1,"[900, 939, 959]",84731091580,APV440ysv,1647.0,960.0
963,2025-03-18,7,[],87031491580,DQI566ecs,972.0,0.0
509,2025-03-04,6,"[385, 956]",65102880642,APV440ysv,228.0,590.0
866,2025-04-15,5,"[123, 447]",16102016795,EJE533apv,1431.0,790.0
949,2025-05-19,0,[],83012358273,APV440ysv,403.0,0.0
400,2025-05-02,8,[964],85100927297,EJE533apv,992.0,300.0
752,2025-06-30,8,[],79112415509,DQI566ecs,1530.0,0.0
547,2025-05-13,7,"[561, 956, 959]",15720759071,XEB805tup,2484.0,1100.0
789,2025-06-31,4,"[146, 253]",75020759171,DQI566ecs,594.0,660.0
132,2025-06-24,1,"[452, 946]",96102016751,EJE533apv,1080.0,430.0
394,2025-04-21,3,"[253, 939]",16102016795,XEB805tup,1512.0,660.0
441,2025-06-06,8,"[148, 939, 987]",65120677783,APV440ysv,651.0,1080.0
1002,2025-05-27,8,[939],79112415509,APV440ysv,1305.0,500.0
128,2025-03-25,3,[385],75020759171,APV440ysv,810.0,290.0
37,2025-03-29,7,"[253, 385, 447]",65102880642,XEB805tup,912.0,950.0
731,2025-05-22,6,[978],15720759071,XEB805tup,3078.0,140.0
118,2025-06-28,2,"[148, 978]",87031491580,APV440ysv,945.0,430.0
236,2025-03-18,5,[],96102016751,ICE284hap,1080.0,0.0
717,2025-04-29,3,"[447, 956, 961]",68011810139,ICE284hap,1134.0,1300.0
127,2025-05-20,6,[253],88091613479,EJE533apv,648.0,160.0
409,2025-05-28,4,[],65120677783,DQI566ecs,1488.0,0.0
779,2025-05-26,6,"[146, 304, 964]",88032898468,EJE533apv,999.0,1100.0
645,2025-05-12,4,[253],79112415509,EJE533apv,720.0,160.0
105,2025-04-16,1,[148],88091613479,EJE533apv,864.0,290.0
605,2025-03-25,8,[964],85100927297,XEB805tup,1581.0,300.0
1,2025-03-11,3,[385],65102880642,DQI566ecs,342.0,290.0
2,2025-04-08,7,"[452, 561]",68011910138,XEB805tup,567.0,640.0
710,2025-04-02,3,"[867, 946]",96091261059,EJE533apv,315.0,430.0
902,2025-05-10,3,"[590, 987]",96091261059,DQI566ecs,420.0,450.0
685,2025-03-13,4,"[590, 900]",75020759171,ICE284hap,405.0,320.0
974,2025-05-06,4,"[304, 540, 959, 978]",79112415509,XEB805tup,180.0,761.0
774,2025-06-10,1,"[385, 534, 665, 946, 964]",79112415509,ICE284hap,270.0,891.0
26,2025-04-07,6,"[452, 978]",79011320010,DQI566ecs,407.0,280.0
364,2025-06-24,6,[],97042365105,DQI566ecs,675.0,0.0
648,2025-03-12,1,"[561, 959, 964]",68011910138,XEB805tup,189.0,1100.0
491,2025-04-15,2,"[867, 987]",84731091580,XEB805tup,972.0,430.0
87,2025-04-08,2,[590],97042365105,APV440ysv,270.0,160.0
977,2025-03-28,1,"[452, 956, 961]",65120677783,DQI566ecs,713.0,940.0
393,2025-06-24,4,"[123, 146, 961]",81050936019,XEB805tup,837.0,1290.0
332,2025-03-20,1,[253],87031491580,APV440ysv,1080.0,160.0
603,2025-05-20,8,"[447, 900]",75020759171,EJE533apv,999.0,660.0
219,2025-06-13,4,[],79011320010,XEB805tup,629.0,0.0
366,2025-06-10,6,"[148, 452, 867]",65020111422,XEB805tup,594.0,570.0
452,2025-03-26,2,"[561, 959]",83051228593,DQI566ecs,1242.0,800.0
434,2025-06-11,3,[385],83051228593,ICE284hap,567.0,290.0
163,2025-04-24,2,"[385, 946]",74010542940,ICE284hap,1190.0,580.0
264,2025-06-19,5,[],02270326116,APV440ysv,918.0,0.0
784,2025-04-26,4,[959],65020111422,XEB805tup,1458.0,300.0
461,2025-06-17,3,"[959, 964]",79011320010,EJE533apv,740.0,600.0
756,2025-03-04,5,"[900, 939, 978]",96102016751,DQI566ecs,135.0,800.0
897,2025-05-06,8,[],65120677783,XEB805tup,248.0,0.0
505,2025-06-21,1,[],81050936019,APV440ysv,713.0,0.0
755,2025-03-22,8,"[123, 867]",96091261059,APV440ysv,1155.0,430.0
349,2025-06-03,4,"[447, 811]",81050936019,DQI566ecs,124.0,569.0
616,2025-03-04,8,"[561, 590, 867]",88032898468,APV440ysv,216.0,800.0
602,2025-05-06,3,"[867, 946, 959]",77012675986,ICE284hap,93.0,730.0
721,2025-03-25,2,"[123, 148]",81050936019,XEB805tup,1426.0,580.0
545,2025-04-08,2,"[146, 148, 590]",87031491580,XEB805tup,324.0,950.0
15,2025-06-11,4,"[452, 956, 987]",83012358273,XEB805tup,806.0,730.0
351,2025-05-06,1,[],81050936019,APV440ysv,31.0,0.0
339,2025-06-24,2,[561],15720759071,XEB805tup,3483.0,500.0
383,2025-03-25,1,"[146, 385]",83051228593,EJE533apv,1188.0,790.0
842,2025-04-26,4,[961],79011320010,XEB805tup,1184.0,500.0
36,2025-03-10,4,"[387, 946, 961]",84731091580,APV440ysv,216.0,930.0
822,2025-06-13,7,"[146, 385]",89122397942,APV440ysv,370.0,790.0
672,2025-06-20,1,"[739, 867]",65020111422,ICE284hap,1053.0,165.0
678,2025-05-28,4,"[119, 987]",85100927297,EJE533apv,1054.0,351.0
693,2025-04-11,2,"[946, 978]",02270326116,DQI566ecs,324.0,430.0
780,2025-04-15,6,[],89122397942,XEB805tup,407.0,0.0
296,2025-04-15,8,"[148, 590, 939]",15720759071,DQI566ecs,1539.0,950.0
660,2025-04-08,2,[447],84731091580,XEB805tup,837.0,500.0
966,2025-05-24,8,[959],96091261059,ICE284hap,1120.0,300.0
1001,2025-04-01,8,[],79112415509,ICE284hap,360.0,0.0
657,2025-03-15,5,[304],96091261059,DQI566ecs,735.0,300.0
354,2025-04-22,1,[],83051228593,XEB805tup,864.0,0.0
147,2025-04-07,4,"[148, 561, 961]",85100927297,XEB805tup,186.0,1290.0
600,2025-04-15,6,[867],88032898468,EJE533apv,729.0,140.0
507,2025-03-29,7,"[304, 385, 956]",15720759071,APV440ysv,864.0,890.0
47,2025-04-15,6,"[123, 452, 959]",74010542940,EJE533apv,1015.0,730.0
175,2025-06-17,5,"[387, 590]",68011910138,ICE284hap,1728.0,300.0
777,2025-03-18,6,"[123, 447, 978]",74010542940,EJE533apv,735.0,930.0
574,2025-05-12,8,[964],65120677783,XEB805tup,496.0,300.0
117,2025-05-21,5,"[123, 964]",74010542940,ICE284hap,1120.0,590.0
404,2025-04-08,2,[],96091261059,APV440ysv,385.0,0.0
275,2025-06-03,8,[900],65020111422,XEB805tup,216.0,160.0
553,2025-06-19,6,"[452, 964]",96102016751,APV440ysv,1053.0,440.0
578,2025-05-10,6,"[561, 987]",16102016795,APV440ysv,1782.0,790.0
702,2025-04-23,2,[146],79112415509,APV440ysv,1215.0,500.0
788,2025-05-06,8,[939],15720759071,EJE533apv,2133.0,500.0
690,2025-06-21,4,[452],65120677783,APV440ysv,1457.0,140.0
970,2025-06-26,8,[590],65102880642,EJE533apv,1064.0,160.0
5,2025-06-24,4,"[123, 939]",65020111422,APV440ysv,1242.0,790.0
392,2025-05-13,2,"[299, 529, 900, 939, 961]",83012358273,XEB805tup,248.0,1187.0
251,2025-06-10,8,"[253, 590, 961]",81050936019,DQI566ecs,372.0,820.0
940,2025-06-27,2,[],79011320010,APV440ysv,1443.0,0.0
535,2025-05-13,7,"[148, 946]",89122397942,EJE533apv,1147.0,580.0
759,2025-04-24,2,"[123, 148]",88032898468,EJE533apv,999.0,580.0
57,2025-03-10,8,[],77012675986,EJE533apv,279.0,0.0
937,2025-04-01,7,[387],68011810139,DQI566ecs,189.0,140.0
486,2025-05-27,8,"[961, 978]",02270326116,XEB805tup,945.0,640.0
250,2025-03-11,2,[],77012675986,DQI566ecs,341.0,0.0
284,2025-06-03,8,[900],83012358273,EJE533apv,248.0,160.0
555,2025-04-01,6,[956],96091261059,APV440ysv,210.0,300.0
890,2025-03-25,8,"[387, 561, 867]",84731091580,EJE533apv,783.0,780.0
588,2025-04-01,4,[],74010542940,EJE533apv,140.0,0.0
874,2025-04-25,3,[],02270326116,ICE284hap,945.0,0.0
684,2025-03-11,5,"[148, 452, 561]",84731091580,DQI566ecs,351.0,930.0
443,2025-05-20,5,"[146, 148, 339, 987]",96091261059,XEB805tup,840.0,1109.0
433,2025-04-30,1,964],83051228593,XEB805tup,1215.0,300.0
676,2025-05-06,4,"[253, 946, 987]",68011810139,DQI566ecs,108.0,740.0
172,2025-05-13,1,[],65120677783,XEB805tup,527.0,0.0
640,2025-03-04,5,"[148, 939]",79112415509,ICE284hap,225.0,790.0
536,2025-04-22,6,[900,02270326116,ICE284hap,864.0,160.0
762,2025-04-04,2,"[136, 385, 733, 946]",74010542940,EJE533apv,210.0,651.0
465,2025-04-01,5,"[253, 385, 959]",65102880642,DQI566ecs,190.0,750.0
733,2025-04-22,1,[],75020759171,XEB805tup,837.0,0.0
805,2025-06-03,4,"[447, 811]",81050936019,DQI566ecs,124.0,569.0
502,2025-06-03,5,"[146, 939, 940]",79112415509,XEB805tup,225.0,1053.0
32,2025-03-04,1,"[946, 961]",77012675986,DQI566ecs,31.0,790.0
976,2025-06-11,2,[],99052424159,ICE284hap,608.0,0.0
729,2025-03-25,5,[867],62020111425,DQI566ecs,405.0,140.0
231,2025-05-29,6,[],65102880642,APV440ysv,1596.0,0.0
820,2025-06-17,2,"[447, 959, 987",75020759171,XEB805tup,405.0,1090.0
745,2025-06-04,8,"[561, 956]",65020111422,DQI566ecs,432.0,800.0
538,2025-03-12,7,"[208, 304, 387, 900]",89122397942,DQI566ecs,999.0,699.0
737,2025-05-17,1,"[123, 447, 561]",75020759171,EJE533apv,594.0,1290.0
388,2025-04-15,7,"[226, 838, 978]",99052424159,DQI566ecs,1216.0,223.0
742,2025-05-19,1,"[146, 253, 956]",62020111425,XEB805tup,2376.0,960.0
716,2025-06-04,7,[385],88091613479,DQI566ecs,270.0,290.0
90,2025-03-06,8,[561],83051228593,EJE533apv,324.0,500.0
297,2025-05-24,6,"[135, 447, 767, 961]",87031491580,ICE284hap,864.0,1067.0
587,2025-03-04,3,"[304, 900]",68011810139,DQI566ecs,81.0,460.0
735,2025-05-29,4,"[961, 987]",02270326116,XEB805tup,1053.0,790.0
134,2025-04-22,7,[959],68011810139,DQI566ecs,999.0,300.0
260,2025-06-17,4,[385],65120677783,XEB805tup,1209.0,290.0
969,2025-06-06,2,[],85100927297,XEB805tup,248.0,0.0
726,2025-04-01,1,"[148, 304]",99052424159,ICE284hap,38.0,590.0
342,2025-06-04,0,"[148, 939]",16102016795,XEB805tup,2862.0,790.0
20,2025-06-17,8,"[561, 978]",87031491580,APV440ysv,648.0,640.0
267,2025-04-19,6,"[590, 700, 946, 964]",75020759171,APV440ysv,810.0,797.0
367,2025-03-25,1,[387],65102880642,EJE533apv,418.0,140.0
481,2025-05-20,8,"[946, 961]",83051228593,EJE533apv,702.0,790.0
515,2025-03-10,5,"[590, 956, 978]",96091261059,EJE533apv,280.0,600.0
673,2025-06-28,7,[],02270326116,DQI566ecs,1215.0,0.0
582,2025-05-03,2,[447],99052424159,DQI566ecs,1900.0,500.0
384,2025-06-14,8,"[590, 946, 959]",74010542940,DQI566ecs,840.0,750.0
546,2025-06-31,5,"[253, 959]",97042365105,APV440ysv,945.0,460.0
699,2025-06-06,6,"[304, 946]",02270326116,EJE533apv,432.0,590.0
247,2025-05-16,1,"[123, 964]",97042365105,EJE533apv,783.0,590.0
519,2025-06-17,8,[590],96102016751,XEB805tup,891.0,160.0
552,2025-05-06,3,"[956, 961]",83051228593,XEB805tup,81.0,800.0
885,2025-06-10,1,[],02270326116,DQI566ecs,459.0,0.0
954,2025-03-22,8,"[123, 867]",96091261059,APV440ysv,1155.0,430.0
227,2025-06-03,1,[387],89122397942,DQI566ecs,37.0,140.0
986,2025-04-05,6,[590],75020759171,APV440ysv,216.0,160.0
947,2025-04-24,8,[],97042365105,APV440ysv,702.0,0.0
262,2025-04-15,2,"[356, 748, 867]",96091261059,XEB805tup,560.0,221.0
33,2025-04-22,6,[146],65020111422,ICE284hap,1026.0,500.0
994,2025-04-29,4,"[452, 938, 956, 961]",83012358273,XEB805tup,1426.0,955.0
449,2025-03-04,6,"[590, 939]",81050936019,APV440ysv,186.0,660.0
414,2025-05-02,3,"[385, 452]",16102016795,APV440ysv,1620.0,430.0
138,2025-03-20,2,[],02270326116,ICE284hap,378.0,0.0
48,2025-04-29,5,"[123, 867, 946]",65102880642,ICE284hap,1102.0,720.0
973,2025-06-13,7,[],85100927297,EJE533apv,558.0,0.0
964,2025-05-20,7,[964],96102016751,EJE533apv,1323.0,300.0
732,2025-03-14,5,[900],87031491580,XEB805tup,594.0,160.0
996,2025-04-10,8,"[253, 590, 900]",88091613479,ICE284hap,621.0,480.0
781,2025-04-31,2,[447],74010542940,ICE284hap,1400.0,500.0
623,2025-06-03,6,"[387, 961, 987]",77012675986,EJE533apv,186.0,930.0
559,2025-05-26,1,[],96091261059,XEB805tup,1155.0,0.0
478,2025-03-17,3,"146, 148, 978]",85100927297,EJE533apv,1147.0,930.0
765,2025-03-15,4,[385],81050936019,DQI566ecs,1023.0,290.0
282,2025-04-30,4,"[146, 253]",65120677783,DQI566ecs,1457.0,660.0
353,2025-05-13,4,[956],68011810139,DQI566ecs,432.0,300.0
708,2025-06-04,1,[],83012358273,XEB805tup,279.0,0.0
910,2025-04-23,7,[900],65120677783,ICE284hap,930.0,160.0
618,2025-05-06,8,[561],84731091580,DQI566ecs,1350.0,500.0
476,2025-05-20,8,"[146, 253, 978]",65102880642,EJE533apv,798.0,800.0
953,2025-06-31,3,[867],89122397942,DQI566ecs,962.0,140.0
639,2025-06-30,7,"[385, 946]",68011910138,APV440ysv,2160.0,580.0
562,2025-03-05,5,[],81050936019,DQI566ecs,341.0,0.0
804,2025-04-26,4,[452],62020111425,XEB805tup,1890.0,140.0
333,2025-03-18,3,"[123, 452]",68011810139,EJE533apv,567.0,430.0
245,2025-04-12,2,"[590, 959, 978]",62020111425,XEB805tup,1269.0,600.0
599,2025-06-02,6,[900],65120677783,EJE533apv,1674.0,160.0
674,2025-03-19,3,"[123, 387]",96091261059,EJE533apv,875.0,430.0
62,2025-03-20,1,"[253, 939, 961]",84731091580,APV440ysv,513.0,1160.0
371,2025-05-24,1,[],65120677783,DQI566ecs,1054.0,0.0
315,2025-03-18,5,"[447, 867]",99052424159,EJE533apv,1140.0,640.0
823,2025-05-15,8,"[561, 956, 964]",97042365105,DQI566ecs,756.0,1100.0
475,2025-05-27,7,[],99052424159,XEB805tup,1102.0,0.0
261,2025-04-08,8,[867],74010542940,EJE533apv,630.0,140.0
790,2025-06-10,0,[],74010542940,DQI566ecs,560.0,-290.0
664,2025-03-31,2,"[387, 388, 509]",65120677783,APV440ysv,930.0,141.0
815,2025-04-29,4,"[447, 987]",85100927297,DQI566ecs,744.0,790.0
776,2025-04-05,7,"[144, 148, 190, 304]",65120677783,XEB805tup,248.0,673.0
196,2025-04-15,6,[900],65020111422,ICE284hap,864.0,160.0
150,2025-03-29,5,[],65120677783,ICE284hap,868.0,0.0
385,2025-06-24,1,"[447, 867]",16102016795,EJE533apv,3672.0,640.0
524,2025-05-09,8,"[148, 452]",89122397942,EJE533apv,592.0,430.0
544,2025-04-22,4,"[561, 590, 959]",77012675986,APV440ysv,899.0,960.0
207,2025-04-15,4,"304, 447, 956]",77012675986,DQI566ecs,775.0,1100.0
707,2025-05-09,2,"[216, 387, 561]",87031491580,ICE284hap,378.0,669.0
446,2025-03-06,5,[447],81050936019,EJE533apv,496.0,500.0
928,2025-06-10,7,[],83012358273,DQI566ecs,682.0,0.0
722,2025-06-24,4,[900],02270326116,ICE284hap,1026.0,160.0
59,2025-04-31,4,[961],77012675986,APV440ysv,1612.0,500.0
554,2025-05-06,7,"[452, 590]",89122397942,ICE284hap,259.0,300.0
694,2025-06-21,4,[],96091261059,DQI566ecs,840.0,0.0
257,2025-06-04,0,[],96102016751,XEB805tup,54.0,0.0
884,2025-04-22,1,[],89122397942,APV440ysv,444.0,0.0
79,2025-05-16,4,[385],68011810139,APV440ysv,540.0,290.0
585,2025-04-23,5,[],96091261059,XEB805tup,1190.0,0.0
425,2025-06-03,4,[146],68011910138,ICE284hap,1593.0,500.0
382,2025-05-10,5,[],83012358273,DQI566ecs,186.0,0.0
567,2025-05-13,2,"[961, 964]",79112415509,DQI566ecs,810.0,800.0
845,2025-06-10,7,"[123, 146, 900]",83051228593,APV440ysv,486.0,950.0
325,2025-03-21,1,"[123, 561]",99052424159,EJE533apv,1292.0,790.0
807,2025-03-11,5,"[385, 561, 939]",87031491580,DQI566ecs,459.0,1290.0
913,2025-03-25,4,[],88091613479,DQI566ecs,729.0,0.0
596,2025-03-11,7,[],74010542940,ICE284hap,525.0,0.0
636,2025-04-15,4,"[385, 590, 956]",79011320010,ICE284hap,851.0,750.0
401,2025-06-17,2,[148],88032898468,XEB805tup,675.0,290.0
52,2025-05-09,4,"[253, 978]",99052424159,DQI566ecs,266.0,300.0
724,2025-06-17,6,"900, 959]",99052424159,XEB805tup,836.0,460.0
719,2025-04-08,6,"[867, 956, 978]",62020111425,XEB805tup,1026.0,580.0
689,2025-03-18,5,"[123, 452, 939]",79112415509,XEB805tup,945.0,930.0
908,2025-05-22,6,[304],75020759171,XEB805tup,1161.0,300.0
581,2025-05-13,7,[],65020111422,DQI566ecs,351.0,0.0
851,2025-05-13,3,[385],88032898468,APV440ysv,351.0,290.0
240,2025-05-31,4,[],79011320010,XEB805tup,1147.0,0.0
700,2025-06-13,4,"[253, 867, 964]",16102016795,APV440ysv,3483.0,600.0
237,2025-06-20,5,[],74010542940,APV440ysv,1330.0,0.0
422,2025-06-10,8,"[447, 961]",87031491580,XEB805tup,432.0,1000.0
655,2025-06-30,1,[],89122397942,XEB805tup,851.0,0.0
871,2025-05-06,6,"[304, 590]",62020111425,EJE533apv,2160.0,460.0
872,2025-03-11,5,"[148, 155, 294, 964]",81050936019,ICE284hap,713.0,605.0
703,2025-06-06,1,"[146, 253, 569, 956]",97042365105,APV440ysv,81.0,977.0
130,2025-05-27,7,"[561, 987]",62020111425,DQI566ecs,2673.0,790.0
277,2025-05-21,3,"[387, 561, 959]",16102016795,ICE284hap,2700.0,940.0
691,2025-03-06,4,[987],84731091580,XEB805tup,108.0,290.0
308,2025-06-28,2,"[148, 978]",87031491580,APV440ysv,945.0,430.0
145,2025-03-15,2,"[387, 590]",85100927297,APV440ysv,1054.0,300.0
712,2025-04-07,3,"[146, 956, 961]",88091613479,APV440ysv,297.0,1300.0
85,2025-03-31,6,[447],65102880642,XEB805tup,1140.0,500.0
816,2025-03-07,4,[867],79112415509,XEB805tup,405.0,140.0
77,2025-06-03,3,"[561, 964]",88091613479,XEB805tup,81.0,800.0
783,2025-06-31,4,"[447, 590, 939]",96091261059,APV440ysv,1155.0,1160.0
215,2025-03-25,6,"[900, 946]",97042365105,EJE533apv,540.0,450.0
620,2025-06-03,5,[],75020759171,ICE284hap,135.0,0.0
226,2025-05-09,8,"[452, 900]",79112415509,APV440ysv,540.0,300.0
933,2025-05-06,7,"[148, 598]",85100927297,ICE284hap,217.0,389.0
566,2025-03-04,2,[],74010542940,APV440ysv,70.0,0.0
830,2025-03-26,4,"[123, 447, 561]",68011810139,ICE284hap,945.0,1290.0
176,2025-05-06,7,"[253, 387, 447]",96102016751,DQI566ecs,189.0,800.0
629,2025-06-12,2,"[252, 304, 788]",79112415509,XEB805tup,360.0,393.0
396,2025-05-08,4,"[123, 514, 590, 621, 956]",87031491580,ICE284hap,324.0,771.0
840,2025-05-06,2,"[385, 946, 978]",74010542940,ICE284hap,70.0,720.0
365,2025-05-17,3,[946],96102016751,XEB805tup,918.0,290.0
764,2025-06-23,2,[123],88032898468,ICE284hap,891.0,290.0
205,2025-03-13,4,[956],15720759071,ICE284hap,351.0,300.0
166,2025-05-02,7,[304],65120677783,XEB805tup,1674.0,300.0
619,2025-03-28,2,"[447, 961]",83012358273,XEB805tup,806.0,1000.0
412,2025-06-10,5,[148],96091261059,ICE284hap,630.0,290.0
918,2025-06-04,1,"[447, 452, 900]",87031491580,XEB805tup,162.0,800.0
489,2025-03-18,6,[867],88032898468,APV440ysv,945.0,140.0
495,2025-06-30,8,[],79112415509,DQI566ecs,1530.0,0.0
854,2025-05-28,3,[],88091613479,DQI566ecs,1080.0,0.0
738,2025-06-05,1,"[146, 148, 253]",84731091580,APV440ysv,1836.0,950.0
981,2025-05-01,8,[],02270326116,EJE533apv,1215.0,0.0
560,2025-03-05,5,"[900, 956, 987]",75020759171,XEB805tup,216.0,750.0
834,2025-05-27,7,561],65020111422,DQI566ecs,675.0,500.0
661,2025-03-25,3,[385],75020759171,APV440ysv,810.0,290.0
736,2025-03-21,1,"[123, 561]",99052424159,EJE533apv,1292.0,790.0
133,2025-03-06,7,[],79011320010,ICE284hap,555.0,0.0
632,2025-05-31,2,"[253, 561]",75020759171,APV440ysv,1836.0,660.0
651,2025-04-16,3,"[939, 946]",84731091580,DQI566ecs,1053.0,790.0
945,2025-04-01,1,[],97042365105,XEB805tup,27.0,0.0
628,2025-05-28,8,"[271, 304, 590, 959]",75020759171,XEB805tup,1566.0,805.0
859,2025-03-12,5,[],83012358273,APV440ysv,403.0,0.0
667,2025-05-03,7,"[304, 744, 946, 959]",81050936019,XEB805tup,1550.0,937.0
683,2025-05-09,4,"[123, 128, 561, 959]",65102880642,EJE533apv,342.0,1101.0
896,2025-04-19,8,"[447, 452, 453]",83051228593,EJE533apv,837.0,717.0
457,2025-03-18,4,"[385, 387]",75020759171,ICE284hap,513.0,430.0
766,2025-05-27,3,[],85100927297,XEB805tup,930.0,0.0
525,2025-04-21,3,"304, 452, 959]",96102016751,XEB805tup,621.0,740.0
888,2025-05-27,1,"[385, 447, 867]",65102880642,DQI566ecs,1064.0,930.0
998,2025-03-04,3,[385],96091261059,EJE533apv,105.0,290.0
95,2025-04-15,1,[987],79112415509,APV440ysv,630.0,290.0
103,2025-04-17,5,"[146, 447, 590]",79112415509,ICE284hap,855.0,1160.0
209,2025-04-29,2,"[452, 808]",02270326116,DQI566ecs,999.0,171.0
962,2025-03-06,3,[146],88032898468,ICE284hap,297.0,500.0
320,2025-04-10,8,"[253, 590, 900]",88091613479,ICE284hap,621.0,480.0
537,2025-03-11,3,"[385, 590, 867]",62020111425,APV440ysv,81.0,590.0
4,2025-05-20,2,[],79011320010,APV440ysv,740.0,0.0
586,2025-04-22,1,"[387, 939, 959]",96102016751,ICE284hap,648.0,940.0
679,2025-04-12,3,"[123, 148]",96091261059,EJE533apv,490.0,580.0
110,2025-04-31,3,"[123, 304, 964]",75020759171,XEB805tup,1188.0,890.0
352,2025-04-01,5,[387],83012358273,EJE533apv,155.0,140.0
298,2025-03-11,3,[],88032898468,APV440ysv,378.0,0.0
921,2025-06-28,4,"[148, 385]",74010542940,EJE533apv,1855.0,580.0
123,2025-06-03,5,[],74010542940,XEB805tup,175.0,0.0
234,2025-03-12,5,"[123, 253, 961]",85100927297,DQI566ecs,837.0,950.0
329,2025-03-08,2,"[964, 987]",81050936019,XEB805tup,558.0,590.0
337,2025-05-13,4,"[447, 867, 939]",65102880642,ICE284hap,494.0,1140.0
191,2025-03-27,8,"[148, 590, 964]",16102016795,DQI566ecs,1107.0,750.0
390,2025-04-24,1,[],77012675986,EJE533apv,930.0,0.0
306,2025-06-17,8,[900],62020111425,APV440ysv,3780.0,160.0
656,2025-06-24,4,[385],89122397942,DQI566ecs,814.0,290.0
795,2025-04-10,7,[590],62020111425,XEB805tup,1215.0,160.0
767,2025-04-23,3,[123],15720759071,XEB805tup,1782.0,290.0
279,2025-03-04,7,[939],65120677783,ICE284hap,217.0,500.0
181,2025-04-29,2,[987],65120677783,EJE533apv,1333.0,290.0
326,2025-03-29,5,[590],74010542940,APV440ysv,1505.0,160.0
682,2025-06-11,6,"[148, 387, 946]",65102880642,XEB805tup,418.0,720.0
725,2025-05-09,5,"[304, 387]",96102016751,DQI566ecs,324.0,440.0
155,2025-06-04,1,[561],84731091580,XEB805tup,1809.0,500.0
114,2025-03-29,3,[],89122397942,XEB805tup,1591.0,0.0
187,2025-05-20,7,[123],16102016795,EJE533apv,2619.0,290.0
101,2025-06-03,5,"[900, 959]",84731091580,EJE533apv,1782.0,460.0
826,2025-05-14,3,[],81050936019,XEB805tup,434.0,0.0
516,2025-03-04,3,"[387, 978]",75020759171,ICE284hap,81.0,280.0
167,2025-03-12,1,[964],68011810139,XEB805tup,405.0,300.0
912,2025-06-02,8,"304, 387, 959]",65102880642,DQI566ecs,1900.0,740.0
335,2025-03-04,0,[],83012358273,ICE284hap,0.0,-300.0
252,2025-03-11,8,"[304, 961, 987]",96091261059,EJE533apv,560.0,1090.0
14,2025-05-03,5,[387],88091613479,DQI566ecs,1647.0,140.0
499,2025-04-29,3,"[148, 385]",68011910138,ICE284hap,1080.0,580.0
817,2025-03-12,8,[],96102016751,APV440ysv,945.0,0.0
324,2025-06-24,8,"[956, 961, 978]",85100927297,ICE284hap,1023.0,940.0
16,2025-03-04,4,[],83051228593,ICE284hap,108.0,0.0
864,2025-06-24,3,"[867, 939]",83012358273,ICE284hap,1085.0,640.0
442,2025-06-19,4,"[253, 385]",79011320010,APV440ysv,888.0,450.0
718,2025-05-16,5,"[253, 590, 900]",96102016751,EJE533apv,837.0,480.0
137,2025-04-26,5,"[447, 867, 956]",83012358273,APV440ysv,1302.0,940.0
439,2025-04-29,3,[],96091261059,XEB805tup,1575.0,0.0
687,2025-06-03,4,[561],65120677783,DQI566ecs,124.0,500.0
435,2025-03-12,8,[946],16102016795,APV440ysv,756.0,290.0
413,2025-06-30,1,"[900, 956]",75020759171,APV440ysv,486.0,460.0
669,2025-04-19,8,"[304, 956, 978]",65102880642,ICE284hap,684.0,740.0
156,2025-05-28,7,[],83012358273,XEB805tup,992.0,0.0
889,2025-03-17,8,[146],79011320010,EJE533apv,1110.0,500.0
824,2025-05-28,5,[],89122397942,ICE284hap,1702.0,0.0
741,2025-06-31,4,[146],83051228593,XEB805tup,918.0,500.0
305,2025-03-22,2,"[385, 452, 946]",65120677783,DQI566ecs,589.0,720.0
427,2025-03-18,7,[],81050936019,DQI566ecs,1240.0,0.0
113,2025-05-20,1,"[939, 978]",62020111425,ICE284hap,2403.0,640.0
458,2025-03-06,2,[],75020759171,XEB805tup,270.0,0.0
208,2025-04-15,7,"[387, 946, 961]",02270326116,EJE533apv,513.0,930.0
810,2025-05-17,6,"[385, 590, 956]",88091613479,XEB805tup,486.0,750.0
286,2025-04-22,6,"[939, 961]",79112415509,EJE533apv,1125.0,1000.0
42,2025-03-25,4,"[253, 363, 737, 987]",99052424159,XEB805tup,1444.0,533.0
711,2025-03-15,3,[146],68011910138,ICE284hap,270.0,500.0
214,2025-05-20,8,[],85100927297,EJE533apv,682.0,0.0
170,2025-06-09,1,"[387, 978]",84731091580,EJE533apv,1863.0,280.0
1007,2025-04-08,1,"304, 319, 387]",85100927297,ICE284hap,217.0,509.0
356,2025-04-29,5,[],99052424159,EJE533apv,1824.0,0.0
472,2025-05-13,5,"[123, 939, 946]",74010542940,ICE284hap,455.0,1080.0
50,2025-06-05,6,"[452, 900]",79011320010,APV440ysv,407.0,300.0
773,2025-03-11,2,[956],02270326116,XEB805tup,162.0,300.0
856,2025-04-22,6,"[385, 452]",62020111425,ICE284hap,1593.0,430.0
494,2025-05-01,5,[],88032898468,DQI566ecs,1350.0,0.0
46,2025-05-07,6,"[253, 590]",79011320010,APV440ysv,518.0,320.0
743,2025-04-11,4,"[373, 385, 447, 452, 791]",88091613479,DQI566ecs,729.0,987.0
17,2025-04-25,2,"[946, 959, 964]",68011910138,EJE533apv,999.0,890.0
164,2025-04-05,6,[590],75020759171,APV440ysv,216.0,160.0
922,2025-03-17,5,"[867, 946, 961]",99052424159,DQI566ecs,950.0,930.0
658,2025-05-13,7,"[561, 956, 959]",15720759071,XEB805tup,2484.0,1100.0
883,2025-04-08,4,"[162, 253, 648, 978]",65120677783,DQI566ecs,372.0,381.0
931,2025-04-17,6,"[590, 823, 900, 987]",88091613479,EJE533apv,1026.0,647.0
469,2025-05-06,8,"[123, 447, 961]",79011320010,APV440ysv,296.0,1290.0
362,2025-06-04,4,[],85100927297,EJE533apv,186.0,0.0
75,2025-06-20,5,"[452, 956]",97042365105,DQI566ecs,513.0,440.0
6,2025-06-03,2,"[590, 900, 946]",85100927297,APV440ysv,62.0,610.0
470,2025-03-08,1,"[561, 956, 987]",99052424159,APV440ysv,266.0,1090.0
865,2025-04-03,5,[867],77012675986,DQI566ecs,372.0,140.0
107,2025-05-27,8,[148],87031491580,EJE533apv,1080.0,290.0
54,2025-04-10,1,"[123, 452, 987]",68011810139,XEB805tup,432.0,720.0
892,2025-05-07,6,"[148, 452, 959]",68011810139,EJE533apv,270.0,730.0
12,2025-05-03,3,[],96091261059,EJE533apv,1925.0,0.0
8,2025-05-02,3,"[385, 452]",96102016751,APV440ysv,891.0,430.0
706,2025-05-28,8,"[253, 769]",65102880642,XEB805tup,1368.0,245.0
289,2025-06-20,2,[447],81050936019,APV440ysv,682.0,500.0
492,2025-05-31,2,"[146, 385]",15720759071,APV440ysv,3132.0,790.0
64,2025-06-03,2,146],97042365105,DQI566ecs,54.0,500.0
68,2025-03-18,1,"[447, 961]",65102880642,ICE284hap,380.0,1000.0
115,2025-04-01,8,[978],02270326116,DQI566ecs,216.0,140.0
671,2025-05-20,7,"[253, 304, 590, 852]",88032898468,APV440ysv,756.0,639.0
568,2025-06-24,6,"[148, 590]",68011910138,DQI566ecs,1971.0,450.0
514,2025-04-05,3,[939],16102016795,XEB805tup,1296.0,500.0
965,2025-04-15,8,[],68011810139,APV440ysv,648.0,0.0
763,2025-04-01,1,[387],89122397942,APV440ysv,37.0,140.0
695,2025-04-02,4,"[123, 964]",88032898468,DQI566ecs,135.0,590.0
997,2025-03-22,2,"[900, 959, 987]",87031491580,ICE284hap,1134.0,750.0
136,2025-06-23,3,"[294, 387, 808]",79011320010,ICE284hap,1258.0,221.0
256,2025-03-22,3,[961],68011810139,APV440ysv,648.0,500.0
761,2025-05-20,6,[385],74010542940,XEB805tup,945.0,290.0
621,2025-05-03,5,[961],15720759071,EJE533apv,1917.0,500.0
270,2025-06-19,2,"[946, 959]",79112415509,ICE284hap,945.0,590.0
67,2025-03-11,1,[],83051228593,EJE533apv,432.0,0.0
70,2025-04-01,4,[939],16102016795,EJE533apv,1215.0,500.0
584,2025-03-18,4,"[452, 593, 608, 959, 964]",85100927297,XEB805tup,1271.0,827.0
69,2025-03-15,3,"[385, 956]",97042365105,APV440ysv,297.0,590.0
66,2025-05-03,8,[978],79011320010,APV440ysv,1517.0,140.0
485,2025-05-24,3,"[253, 447]",83012358273,APV440ysv,682.0,660.0
833,2025-04-07,4,[],81050936019,ICE284hap,403.0,0.0
479,2025-04-05,1,[987],68011910138,EJE533apv,378.0,290.0
894,2025-04-24,7,"[148, 590, 939]",83012358273,APV440ysv,1147.0,950.0
551,2025-05-20,4,[987],87031491580,APV440ysv,702.0,290.0
771,2025-04-01,8,"[946, 959]",88091613479,DQI566ecs,216.0,590.0
3,2025-05-28,4,"[123, 452, 590]",96102016751,DQI566ecs,1539.0,590.0
74,2025-06-20,3,"[452, 959]",68011910138,ICE284hap,1809.0,440.0
119,2025-04-01,3,"[798, 959]",87031491580,DQI566ecs,81.0,357.0
692,2025-03-24,8,"[867, 946]",75020759171,EJE533apv,729.0,430.0
577,2025-04-25,6,[],97042365105,EJE533apv,864.0,0.0
797,2025-04-02,0,[],85100927297,DQI566ecs,62.0,0.0
540,2025-05-10,8,"[123, 447, 946]",89122397942,ICE284hap,888.0,1080.0
153,2025-04-08,7,"[157, 518, 939, 956]",88032898468,XEB805tup,540.0,805.0
30,2025-05-12,6,[123],15720759071,APV440ysv,2295.0,290.0
827,2025-06-05,2,"[240, 447, 561]",65120677783,XEB805tup,403.0,1061.0
359,2025-06-24,6,[964],68011810139,DQI566ecs,648.0,300.0
31,2025-03-20,8,"[148, 452, 978",77012675986,EJE533apv,806.0,570.0
302,2025-06-07,2,"[387, 959]",99052424159,ICE284hap,266.0,440.0
886,2025-05-27,8,[],65120677783,XEB805tup,1364.0,0.0
93,2025-03-18,1,[961],96091261059,ICE284hap,770.0,500.0
228,2025-04-17,0,[],65120677783,DQI566ecs,651.0,-300.0
496,2025-04-22,6,"[123, 148, 978]",65102880642,DQI566ecs,912.0,720.0
239,2025-06-03,7,"[887, 902, 939]",88032898468,EJE533apv,189.0,555.0
376,2025-04-23,3,[],75020759171,XEB805tup,918.0,0.0
460,2025-05-12,6,"[146, 387, 452]",75020759171,APV440ysv,378.0,780.0
861,2025-04-08,6,[964],65020111422,XEB805tup,459.0,300.0
715,2025-04-14,4,[],85100927297,XEB805tup,341.0,0.0
336,2025-03-18,4,[452],65120677783,ICE284hap,527.0,140.0
686,2025-05-13,7,"[561, 590, 900]",62020111425,DQI566ecs,2349.0,820.0
463,2025-03-17,0,[],88091613479,ICE284hap,297.0,-290.0
55,2025-05-17,0,[],79011320010,APV440ysv,666.0,0.0
573,2025-04-29,4,"[900, 956, 978]",88091613479,XEB805tup,1323.0,600.0
626,2025-04-08,4,"[385, 590, 867]",79112415509,DQI566ecs,585.0,590.0
831,2025-05-20,8,"[146, 304, 961]",15720759071,EJE533apv,2916.0,1300.0
88,2025-03-25,4,"[900, 959, 961]",89122397942,DQI566ecs,1184.0,960.0
975,2025-04-11,3,"[447, 959, 964]",99052424159,DQI566ecs,950.0,1100.0
920,2025-04-22,7,"[447, 946",81050936019,EJE533apv,930.0,790.0
637,2025-03-22,2,"[123, 148, 987]",85100927297,DQI566ecs,1333.0,870.0
360,2025-03-12,2,[956],79011320010,ICE284hap,814.0,300.0
786,2025-03-22,3,"[123, 146, 304]",97042365105,APV440ysv,378.0,1090.0
271,2025-06-03,5,[148],87031491580,EJE533apv,135.0,290.0
126,2025-04-10,3,"[959, 987]",96102016751,APV440ysv,405.0,590.0
429,2025-04-08,1,[],77012675986,XEB805tup,651.0,0.0
985,2025-03-18,6,[],83012358273,XEB805tup,589.0,0.0
318,2025-05-03,5,"[146, 148]",75020759171,EJE533apv,1242.0,790.0
229,2025-04-31,7,"[387, 452, 561]",65020111422,APV440ysv,1755.0,780.0
255,2025-03-15,2,[],65120677783,EJE533apv,403.0,0.0
18,2025-04-01,2,"[561, 900]",15720759071,APV440ysv,945.0,660.0
454,2025-03-25,5,[146],65020111422,DQI566ecs,567.0,500.0
961,2025-05-26,1,"[385, 939]",97042365105,APV440ysv,999.0,790.0
989,2025-04-01,7,"[452, 939, 959]",77012675986,EJE533apv,217.0,940.0
591,2025-05-17,1,"[146, 961]",15720759071,EJE533apv,2511.0,1000.0
571,2025-05-16,5,"[447, 946]",16102016795,EJE533apv,2133.0,790.0
473,2025-05-24,5,[978],85100927297,DQI566ecs,837.0,140.0
223,2025-05-30,8,"[447, 867, 939]",75020759171,APV440ysv,1782.0,1140.0
225,2025-04-07,6,"[675, 867, 903, 939, 964]",99052424159,DQI566ecs,608.0,975.0
760,2025-06-31,8,"[146, 452, 956]",65102880642,EJE533apv,1444.0,940.0
924,2025-04-05,1,[956],79112415509,APV440ysv,405.0,300.0
152,2025-06-03,4,"[146, 956",68011810139,ICE284hap,108.0,800.0
269,2025-03-19,7,"[304, 387, 900]",88091613479,ICE284hap,621.0,600.0
556,2025-06-02,4,[],81050936019,DQI566ecs,961.0,0.0
993,2025-06-28,1,[987],88091613479,DQI566ecs,1080.0,290.0
609,2025-04-10,3,[146],84731091580,ICE284hap,918.0,500.0
821,2025-06-02,4,[],02270326116,EJE533apv,1161.0,0.0
22,2025-06-21,5,"[253, 900]",88032898468,EJE533apv,837.0,320.0
881,2025-05-13,8,[946],96102016751,APV440ysv,702.0,290.0
194,2025-06-06,6,[304],83012358273,APV440ysv,465.0,300.0
915,2025-03-12,2,[987],88091613479,EJE533apv,297.0,290.0
232,2025-03-04,7,[123],85100927297,APV440ysv,217.0,290.0
488,2025-04-31,6,"[385, 561, 964]",83051228593,ICE284hap,1377.0,1090.0
221,2025-03-19,3,"[148, 253, 304]",87031491580,EJE533apv,1053.0,750.0
116,2025-06-09,5,"[452, 959, 961]",74010542940,EJE533apv,560.0,940.0
179,2025-04-31,4,[959],68011810139,XEB805tup,1242.0,300.0
328,2025-03-25,3,[],65120677783,XEB805tup,682.0,0.0
487,2025-06-02,3,"[946, 959]",62020111425,APV440ysv,2754.0,590.0
131,2025-03-25,2,"[867, 956, 987]",02270326116,ICE284hap,432.0,730.0
102,2025-06-10,2,[304],89122397942,DQI566ecs,111.0,300.0
594,2025-06-03,5,"[939, 987]",15720759071,ICE284hap,3267.0,790.0
812,2025-04-25,7,"[123, 447]",85100927297,DQI566ecs,620.0,790.0
952,2025-04-04,8,[],88032898468,XEB805tup,351.0,0.0
198,2025-06-03,2,"[452, 946, 978]",96102016751,XEB805tup,54.0,570.0
51,2025-04-15,4,"[148, 447, 978]",88091613479,DQI566ecs,837.0,930.0
0,2025-05-23,6,"[590, 946]",65102880642,APV440ysv,1026.0,450.0
589,2025-06-20,3,[],68011810139,ICE284hap,486.0,0.0
643,2025-03-11,5,[867],79011320010,DQI566ecs,740.0,140.0
601,2025-05-22,6,[304],75020759171,XEB805tup,1161.0,300.0
593,2025-03-11,5,"[385, 561, 939]",87031491580,DQI566ecs,459.0,1290.0
40,2025-06-03,8,"[148, 987]",62020111425,XEB805tup,2970.0,580.0
852,2025-04-18,7,"[447, 959, 978]",96091261059,APV440ysv,805.0,940.0
549,2025-03-11,6,[],83012358273,EJE533apv,248.0,0.0
751,2025-05-06,3,[385],99052424159,ICE284hap,114.0,290.0
403,2025-03-20,3,[],99052424159,DQI566ecs,1254.0,0.0
190,2025-03-20,4,"304, 447]",81050936019,DQI566ecs,1364.0,800.0
576,2025-04-05,1,[],68011810139,EJE533apv,216.0,0.0
511,2025-05-16,4,[987],68011910138,APV440ysv,1404.0,290.0
309,2025-04-22,1,[959],74010542940,XEB805tup,1120.0,300.0
206,2025-04-07,7,"[146, 452, 939]",87031491580,XEB805tup,270.0,1140.0
278,2025-03-29,8,[],83012358273,ICE284hap,1054.0,0.0
246,2025-04-08,6,"[447, 867, 987]",99052424159,DQI566ecs,836.0,930.0
956,2025-03-15,7,"[385, 561, 959]",88032898468,XEB805tup,567.0,1090.0
770,2025-06-18,4,"[961, 964]",85100927297,DQI566ecs,775.0,800.0
292,2025-06-17,1,"[123, 961, 964]",97042365105,ICE284hap,378.0,1090.0
407,2025-03-10,7,"[590, 946, 961]",16102016795,APV440ysv,540.0,950.0
218,2025-05-26,8,[964],74010542940,APV440ysv,1400.0,300.0
905,2025-06-03,5,[123],96091261059,EJE533apv,175.0,290.0
914,2025-03-18,5,"[867, 961, 964]",16102016795,ICE284hap,891.0,940.0
299,2025-05-13,2,"[299, 529, 900, 939, 961]",83012358273,XEB805tup,248.0,1187.0
878,2025-03-27,6,[],65102880642,DQI566ecs,646.0,0.0
526,2025-04-30,8,"[867, 946, 956]",77012675986,XEB805tup,1488.0,730.0
625,2025-03-31,5,"[146, 939, 961]",83051228593,XEB805tup,1377.0,1500.0
235,2025-04-29,7,"[146, 447, 961]",83051228593,DQI566ecs,1188.0,1500.0
248,2025-04-29,3,"[146, 900, 939]",74010542940,ICE284hap,1330.0,1160.0
688,2025-04-10,7,[146],65020111422,XEB805tup,648.0,500.0
860,2025-03-31,1,[946],74010542940,ICE284hap,1540.0,290.0
38,2025-03-15,7,[],87031491580,APV440ysv,783.0,0.0
782,2025-06-10,2,[],77012675986,DQI566ecs,372.0,0.0
363,2025-04-29,3,"[253, 447, 959]",96102016751,ICE284hap,810.0,960.0
462,2025-04-01,2,"[146, 253, 528, 635, 939]",75020759171,APV440ysv,54.0,1169.0
991,2025-06-17,4,[447],89122397942,EJE533apv,518.0,500.0
606,2025-04-22,2,[],65120677783,EJE533apv,713.0,0.0
608,2025-03-11,7,"[452, 961]",96102016751,EJE533apv,729.0,640.0
980,2025-04-29,4,"[148, 387]",89122397942,ICE284hap,592.0,430.0
550,2025-04-15,2,"[148, 978]",65120677783,XEB805tup,434.0,430.0
497,2025-05-21,7,"[146, 452, 978]",65120677783,APV440ysv,1023.0,780.0
86,2025-06-19,6,"[561, 867]",16102016795,APV440ysv,3645.0,640.0
666,2025-04-15,6,[],83012358273,APV440ysv,868.0,0.0
294,2025-06-24,8,"[956, 961, 978]",85100927297,ICE284hap,1023.0,940.0
941,2025-05-17,5,[148],65120677783,ICE284hap,682.0,290.0
944,2025-06-10,1,"[148, 946, 959]",79011320010,EJE533apv,481.0,880.0
466,2025-03-08,1,"[590, 900, 956]",16102016795,XEB805tup,351.0,620.0
379,2025-04-16,0,[],96091261059,DQI566ecs,560.0,0.0
803,2025-06-30,1,"[447, 987]",15720759071,APV440ysv,3510.0,790.0
405,2025-06-17,2,"[590, 867]",15720759071,XEB805tup,3429.0,300.0
381,2025-06-13,1,"[148, 558, 959]",96091261059,ICE284hap,665.0,601.0
791,2025-04-04,6,"[385, 561]",62020111425,ICE284hap,837.0,790.0
274,2025-04-22,2,"[123, 452]",85100927297,XEB805tup,403.0,430.0
10,2025-03-11,8,"[254, 452, 469, 590, 946]",68011810139,ICE284hap,378.0,657.0
498,2025-03-15,2,"[146, 148]",02270326116,APV440ysv,216.0,790.0
841,2025-06-24,7,"[387, 867]",87031491580,DQI566ecs,891.0,280.0
988,2025-06-17,8,"[385, 561, 987]",84731091580,APV440ysv,2079.0,1080.0
844,2025-06-04,7,"[452, 653, 867, 961]",65120677783,EJE533apv,341.0,823.0
613,2025-05-15,8,[],88032898468,APV440ysv,567.0,0.0
747,2025-03-25,2,[],96091261059,XEB805tup,1225.0,0.0
772,2025-04-25,7,"[148, 385, 387]",65020111422,XEB805tup,1350.0,720.0
638,2025-05-26,7,"[561, 987]",77012675986,EJE533apv,1054.0,790.0
188,2025-04-25,7,[385],62020111425,XEB805tup,1782.0,290.0
565,2025-06-04,8,[867],83051228593,EJE533apv,297.0,140.0
58,2025-04-29,7,[961],77012675986,ICE284hap,1240.0,500.0
288,2025-06-17,6,[964],74010542940,ICE284hap,1155.0,300.0
979,2025-05-13,7,"[374, 558, 900]",96091261059,XEB805tup,665.0,235.0
378,2025-06-11,6,[],97042365105,APV440ysv,351.0,0.0
720,2025-06-11,5,"[146, 867]",65020111422,EJE533apv,729.0,640.0
895,2025-03-18,7,[],83051228593,EJE533apv,810.0,0.0
939,2025-05-12,2,[123],68011810139,ICE284hap,324.0,290.0
312,2025-03-19,2,[385],74010542940,EJE533apv,805.0,290.0
448,2025-04-22,5,"[447, 959]",79011320010,XEB805tup,1036.0,800.0
276,2025-06-13,2,"[447, 452]",65120677783,EJE533apv,899.0,640.0
523,2025-06-10,4,[146],97042365105,APV440ysv,189.0,500.0
160,2025-03-11,8,"[146, 946, 987]",89122397942,XEB805tup,740.0,1080.0
29,2025-04-22,2,"[304, 385, 939]",96091261059,XEB805tup,1015.0,1090.0
723,2025-03-27,1,[900],87031491580,DQI566ecs,1539.0,160.0
343,2025-06-10,6,[561],65120677783,ICE284hap,837.0,500.0
557,2025-06-24,2,"[590, 939, 987]",83051228593,ICE284hap,810.0,950.0
283,2025-04-08,5,[],83051228593,XEB805tup,162.0,0.0
971,2025-04-08,7,"[387, 407, 946]",68011810139,XEB805tup,405.0,455.0
876,2025-06-06,1,"[146, 978]",79011320010,XEB805tup,444.0,640.0
929,2025-06-03,2,"[148, 304]",65102880642,APV440ysv,76.0,590.0
506,2025-04-08,6,"[447, 867, 987]",99052424159,DQI566ecs,836.0,930.0
836,2025-06-10,7,"[561, 961, 978]",16102016795,DQI566ecs,3375.0,1140.0
665,2025-05-06,8,"[387, 939]",88091613479,EJE533apv,216.0,640.0
668,2025-05-28,4,"[119, 987]",85100927297,EJE533apv,1054.0,351.0
543,2025-03-17,8,"[946, 964]",88032898468,APV440ysv,783.0,590.0
650,2025-04-22,2,[],83012358273,APV440ysv,930.0,0.0
837,2025-03-10,7,"[590, 946]",96102016751,APV440ysv,540.0,450.0
161,2025-05-27,1,[],74010542940,EJE533apv,1435.0,0.0
323,2025-04-15,2,[],87031491580,XEB805tup,459.0,0.0
610,2025-06-17,5,"[105, 792, 956]",79112415509,ICE284hap,855.0,355.0
424,2025-05-06,8,"[387, 939]",88091613479,EJE533apv,216.0,640.0
165,2025-06-26,4,[],96091261059,DQI566ecs,1015.0,0.0
634,2025-06-17,8,"[123, 676, 900, 956]",88091613479,DQI566ecs,621.0,787.0
56,2025-03-04,3,[304],65020111422,ICE284hap,81.0,300.0
293,2025-04-31,6,[900],85100927297,APV440ysv,930.0,160.0
500,2025-05-24,1,[],65120677783,DQI566ecs,1054.0,0.0
41,2025-06-05,1,"[148, 452, 561]",87031491580,APV440ysv,189.0,930.0
7,2025-03-07,3,[123],87031491580,ICE284hap,216.0,290.0
838,2025-06-13,7,"[590, 987]",77012675986,DQI566ecs,713.0,450.0
310,2025-03-26,8,[148],89122397942,XEB805tup,1480.0,290.0
792,2025-04-26,6,[939],65120677783,APV440ysv,1271.0,500.0
24,2025-05-13,2,[452],77012675986,ICE284hap,372.0,140.0
604,2025-04-26,3,"[123, 978, 987]",77012675986,APV440ysv,1023.0,720.0
503,2025-05-06,8,"[561, 900]",87031491580,DQI566ecs,216.0,660.0
926,2025-06-06,4,[],77012675986,XEB805tup,310.0,0.0
158,2025-04-31,4,[961],77012675986,APV440ysv,1612.0,500.0
923,2025-06-21,8,[],88091613479,ICE284hap,918.0,0.0
428,2025-06-30,3,"[452, 946, 978]",85100927297,ICE284hap,1116.0,570.0
907,2025-05-27,4,"[146, 452, 959]",77012675986,XEB805tup,1178.0,940.0
468,2025-03-04,4,[],02270326116,DQI566ecs,108.0,0.0
347,2025-06-24,2,"[590, 964, 987]",65120677783,XEB805tup,1519.0,750.0
395,2025-03-10,3,"[561, 956]",88091613479,APV440ysv,135.0,800.0
244,2025-04-22,1,"[253, 561, 867]",88032898468,APV440ysv,945.0,800.0
415,2025-03-22,5,[387],88032898468,DQI566ecs,1080.0,140.0
802,2025-05-06,4,"[561, 939]",68011910138,DQI566ecs,1296.0,1000.0
730,2025-06-30,2,"[590, 961]",65102880642,EJE533apv,1140.0,660.0
34,2025-03-22,3,"[452, 961, 978]",68011910138,APV440ysv,351.0,780.0
855,2025-06-24,8,[],99052424159,EJE533apv,1406.0,0.0
301,2025-05-17,4,[],99052424159,APV440ysv,532.0,0.0
124,2025-06-23,3,"[294, 387, 808]",79011320010,ICE284hap,1258.0,221.0
402,2025-05-12,3,[],99052424159,APV440ysv,380.0,0.0
370,2025-06-17,5,"[304, 590, 961]",83051228593,EJE533apv,702.0,960.0
617,2025-03-25,5,"[142, 148, 306, 385, 900]",83012358273,XEB805tup,744.0,815.0
1006,2025-06-10,7,"[280, 964]",99052424159,APV440ysv,532.0,341.0
418,2025-05-06,4,"[253, 946, 987]",68011810139,DQI566ecs,108.0,740.0
168,2025-06-02,7,[],79112415509,DQI566ecs,1620.0,0.0
199,2025-03-19,8,"[123, 387, 900]",83051228593,XEB805tup,1026.0,590.0
948,2025-03-18,7,"[452, 799, 956, 961]",77012675986,XEB805tup,558.0,1013.0
734,2025-03-06,6,[146],74010542940,XEB805tup,280.0,500.0
222,2025-03-04,8,[],79011320010,EJE533apv,296.0,0.0
111,2025-04-04,6,"[123, 385, 956]",65020111422,ICE284hap,270.0,880.0
19,2025-05-23,6,[148],88091613479,DQI566ecs,810.0,290.0
202,2025-03-10,3,"[304, 590, 939]",83051228593,EJE533apv,405.0,960.0
930,2025-06-13,4,[387],96102016751,APV440ysv,675.0,140.0
839,2025-03-25,6,[],96102016751,APV440ysv,1242.0,0.0
663,2025-06-31,3,"[146, 387]",88091613479,APV440ysv,1161.0,640.0
843,2025-03-18,7,"[123, 900]",62020111425,ICE284hap,270.0,450.0
510,2025-04-08,2,[590],97042365105,APV440ysv,270.0,160.0
935,2025-05-17,6,[],77012675986,EJE533apv,558.0,0.0
746,2025-05-28,8,"[253, 769]",65102880642,XEB805tup,1368.0,245.0
445,2025-05-17,5,[956],83012358273,APV440ysv,403.0,300.0
432,2025-06-10,6,"[123, 900]",62020111425,XEB805tup,3348.0,450.0
943,2025-06-24,7,"[148, 939, 978]",84731091580,DQI566ecs,2268.0,930.0
455,2025-04-24,5,[959],65120677783,EJE533apv,1085.0,300.0
98,2025-06-18,3,"[561, 867]",88091613479,APV440ysv,702.0,640.0
848,2025-05-17,6,"[146, 964]",97042365105,APV440ysv,945.0,800.0
750,2025-04-30,7,"[452, 867]",88091613479,ICE284hap,1512.0,280.0
174,2025-04-08,1,[946],83012358273,EJE533apv,434.0,290.0
173,2025-05-16,8,"[387, 447]",74010542940,APV440ysv,735.0,640.0
983,2025-03-26,8,[867],74010542940,XEB805tup,1330.0,140.0
863,2025-04-01,2,[304],85100927297,DQI566ecs,62.0,300.0
39,2025-05-10,6,[],74010542940,ICE284hap,280.0,0.0
330,2025-05-12,7,[590],77012675986,ICE284hap,310.0,160.0
259,2025-03-05,5,"[447, 956, 978]",15720759071,XEB805tup,216.0,940.0
641,2025-06-17,2,"[387, 447, 561]",65102880642,ICE284hap,494.0,1140.0
100,2025-03-29,6,[946],62020111425,EJE533apv,567.0,290.0
480,2025-04-15,2,[939],65102880642,ICE284hap,380.0,500.0
338,2025-06-02,1,"[148, 387]",87031491580,APV440ysv,1107.0,430.0
659,2025-03-11,1,[148],75020759171,APV440ysv,297.0,290.0
139,2025-05-27,3,"[447, 900]",83012358273,EJE533apv,775.0,660.0
847,2025-04-08,2,"[590, 867, 959]",15720759071,ICE284hap,1323.0,600.0
570,2025-05-20,8,"[561, 867]",81050936019,XEB805tup,682.0,640.0
389,2025-06-02,4,[],68011810139,XEB805tup,810.0,0.0
411,2025-05-20,4,[],65120677783,ICE284hap,806.0,0.0
806,2025-06-06,5,"[387, 900]",68011810139,ICE284hap,243.0,300.0
272,2025-03-07,7,[447],96102016751,ICE284hap,324.0,500.0
597,2025-03-08,1,"[387, 561]",96102016751,XEB805tup,351.0,640.0
539,2025-05-05,3,"[128, 148, 561, 868, 900]",83051228593,APV440ysv,1296.0,1037.0
149,2025-03-26,7,"[253, 978]",85100927297,DQI566ecs,1798.0,300.0
796,2025-04-04,1,"[283, 431, 900]",99052424159,ICE284hap,76.0,179.0
243,2025-03-14,1,[561],83051228593,EJE533apv,459.0,500.0
680,2025-04-23,5,[],65020111422,DQI566ecs,1161.0,0.0
857,2025-03-04,3,[959],15720759071,ICE284hap,81.0,300.0
21,2025-06-10,1,"[432, 867, 939, 987]",68011810139,ICE284hap,270.0,975.0
758,2025-06-04,8,[964],62020111425,DQI566ecs,3186.0,300.0
853,2025-04-25,8,"[148, 956]",99052424159,XEB805tup,1634.0,590.0
399,2025-06-28,5,"[900, 939]",81050936019,DQI566ecs,992.0,660.0
263,2025-06-17,3,"[253, 961]",85100927297,DQI566ecs,651.0,660.0
714,2025-06-25,2,"[956, 959]",68011810139,EJE533apv,702.0,600.0
96,2025-03-04,1,"[148, 385, 939]",87031491580,XEB805tup,27.0,1080.0
374,2025-06-03,5,[],99052424159,DQI566ecs,190.0,0.0
65,2025-05-27,4,"[146, 452]",96091261059,ICE284hap,1295.0,640.0
25,2025-03-06,4,"[123, 146, 751, 867]",87031491580,XEB805tup,135.0,959.0
768,2025-06-21,5,"[447, 867]",99052424159,EJE533apv,1026.0,640.0
911,2025-03-25,7,"[304, 561]",74010542940,DQI566ecs,1050.0,800.0
653,2025-03-04,7,[939],65120677783,ICE284hap,217.0,500.0
748,2025-06-19,4,[452],65120677783,ICE284hap,1333.0,140.0
317,2025-06-30,8,[],02270326116,DQI566ecs,1431.0,0.0
846,2025-05-20,8,[],99052424159,XEB805tup,836.0,0.0
925,2025-06-23,2,[],99052424159,ICE284hap,1102.0,0.0
558,2025-04-22,1,"[123, 978]",97042365105,EJE533apv,486.0,430.0
631,2025-06-18,6,"[123, 946, 956]",02270326116,ICE284hap,783.0,880.0
386,2025-05-12,2,"[590, 946]",88032898468,XEB805tup,270.0,450.0
217,2025-03-20,7,[],79112415509,ICE284hap,1260.0,0.0
287,2025-03-11,2,"[939, 964]",65120677783,EJE533apv,341.0,800.0
444,2025-04-17,2,"[164, 186, 387, 959]",88032898468,APV440ysv,918.0,529.0
322,2025-04-05,8,"[946, 959, 987]",99052424159,APV440ysv,380.0,880.0
377,2025-03-27,6,[],85100927297,XEB805tup,1984.0,0.0
182,2025-04-15,5,[],96102016751,EJE533apv,540.0,0.0
873,2025-03-08,3,"[253, 956, 987]",65020111422,EJE533apv,162.0,750.0
129,2025-06-10,3,"[561, 590]",15720759071,EJE533apv,3375.0,660.0
713,2025-05-20,1,"[253, 304, 590]",97042365105,ICE284hap,972.0,620.0
749,2025-06-28,5,"[148, 978, 987]",97042365105,EJE533apv,810.0,720.0
372,2025-04-23,5,"[121, 124, 146, 148]",83051228593,DQI566ecs,999.0,831.0
254,2025-04-08,3,"[385, 900]",65102880642,EJE533apv,304.0,450.0
801,2025-05-09,2,"[761, 961, 978]",81050936019,EJE533apv,93.0,669.0
162,2025-05-13,4,"[146, 946, 956]",88091613479,ICE284hap,324.0,1090.0
972,2025-03-26,6,"[946, 964, 987]",87031491580,DQI566ecs,1512.0,880.0
28,2025-05-19,1,"[447, 946, 961]",65020111422,XEB805tup,378.0,1290.0
183,2025-05-19,1,"[148, 964]",77012675986,ICE284hap,589.0,590.0
869,2025-05-27,7,[],75020759171,ICE284hap,1350.0,0.0
877,2025-06-10,2,"[146, 561]",65102880642,DQI566ecs,190.0,1000.0
879,2025-03-18,1,[900],89122397942,APV440ysv,1036.0,160.0
1005,2025-06-02,5,"[867, 907]",96102016751,DQI566ecs,1674.0,141.0
417,2025-03-10,4,[],87031491580,APV440ysv,324.0,0.0
862,2025-05-27,7,"[123, 304]",79011320010,XEB805tup,999.0,590.0
78,2025-05-16,1,"452, 946, 961]",02270326116,XEB805tup,459.0,930.0
891,2025-04-25,2,"[187, 452, 590, 787, 959]",68011810139,EJE533apv,1053.0,689.0
211,2025-03-06,7,"[978, 987]",89122397942,EJE533apv,444.0,430.0
728,2025-06-04,8,[],96091261059,DQI566ecs,455.0,0.0
697,2025-05-27,4,"[123, 561, 590]",81050936019,DQI566ecs,837.0,950.0
108,2025-06-28,6,"[123, 452]",96102016751,ICE284hap,1242.0,430.0
346,2025-04-25,5,[561],96091261059,DQI566ecs,1365.0,500.0
314,2025-06-28,6,"[590, 956, 987]",16102016795,ICE284hap,3834.0,750.0
311,2025-05-06,6,"[387, 961]",97042365105,DQI566ecs,162.0,640.0
280,2025-03-07,2,"[304, 946, 964]",65120677783,APV440ysv,279.0,890.0
148,2025-04-15,1,"[387, 946, 961]",83051228593,ICE284hap,621.0,930.0
467,2025-05-05,7,"[304, 385, 452]",65102880642,DQI566ecs,1444.0,730.0
143,2025-04-26,3,"[956, 987]",84731091580,ICE284hap,1134.0,590.0
701,2025-04-16,4,"[148, 978, 987]",02270326116,ICE284hap,621.0,720.0
421,2025-06-24,1,"[387, 561, 987]",96091261059,ICE284hap,875.0,930.0
94,2025-04-01,1,[123],65120677783,APV440ysv,31.0,290.0
517,2025-03-04,6,"[123, 146, 370, 964]",99052424159,APV440ysv,228.0,1107.0
204,2025-04-07,6,[],75020759171,ICE284hap,378.0,0.0
327,2025-05-20,8,"[946, 978]",89122397942,APV440ysv,1443.0,430.0
357,2025-04-05,8,[],81050936019,EJE533apv,279.0,0.0
649,2025-04-07,8,"[939, 946]",77012675986,EJE533apv,620.0,790.0
809,2025-05-01,7,"[867, 964]",96091261059,XEB805tup,1820.0,440.0
216,2025-03-07,7,"[253, 387, 590]",16102016795,ICE284hap,324.0,460.0
